# Notes,,,,,,,,,,,,,,,,,,,,,,,,,,,,,,,,,,,,,,,,,,,,,,,,,,
# Demo configuration, generated by make_demo_config.py: every feature in use,,,,,,,,,,,,,,,,,,,,,,,,,,,,,,,,,,,,,,,,,,,,,,,,,,
#,,,,,,,,,,,,,,,,,,,,,,,,,,,,,,,,,,,,,,,,,,,,,,,,,,
* Global_Settings,,,,,,,,,,,,,,,,,,,,,,,,,,,,,,,,,,,,,,,,,,,,,,,,,,
Label,Value
MIDI_Channel,1
RealTime_Passthrough,Y
ConfigName,DEMO ALL
Exp1_CC,11
Exp2_CC,4
Bank_Up_LED_Mode,Normal
Bank_Down_LED_Mode,Normal
USB_MIDI_Thru,Y
Remember_State,Y
Long_Press_ms,500
LED_Brightness,100
LED_Rest_Brightness,25
Bank_Jump_Step,8
Bank_Change_Mode,CC
Bank_Change_Channel,Any
Bank_Change_CC,32
Bank_Switch_Mode,Bank+MIDI
Sleep_After_Min,15
Setlist_Mode,Y
Clock_Follow,Y
,,,,,,,,,,,,,,,,,,,,,,,,,,,,,,,,,,,,,,,,,,,,,,,,,,
* Bank_Naming,,,,,,,,,,,,,,,,,,,,,,,,,,,,,,,,,,,,,,,,,,,,,,,,,,
Bank_Number,Bank_Name_Large,Bank_Info_Small
0,HOME,index
1,LOOP,looper
2,FX,led modes
3,PTCH,prog chg
4,KEYS,keyboard
5,MEDI,media
6,TMPO,tap+clock
7,KNOB,cc inc
8,SYX,sysex
9,NOTE,note+bend
10,NAV,bank jump
11,MIX,mixed
12,S01,song 1
13,S02,song 2
14,S03,song 3
15,S04,song 4
16,S05,song 5
17,S06,song 6
18,S07,song 7
19,S08,song 8
20,S09,song 9
21,S10,song 10
22,S11,song 11
23,S12,song 12
24,S13,song 13
25,S14,song 14
26,S15,song 15
27,S16,song 16
28,S17,song 17
29,S18,song 18
30,S19,song 19
31,S20,song 20
,,,,,,,,,,,,,,,,,,,,,,,,,,,,,,,,,,,,,,,,,,,,,,,,,,
* Button_Settings,,,,,,,,,,,,,,,,,,,,,,,,,,,,,,,,,,,,,,,,,,,,,,,,,,
Bank_Number,Button_Identifier,Label,A_CommandType,A_Channel_(PC/CC/Note/PB),A_Number_(PC/CC/Note),A_OnValue_(CC/PB),A_OffValue_(CC),A_BankSelect_(PC),A_BankSelectHighByte_(PC),A_Toggle_(CC/PB/Note),A_Velocity_(Note),A_Duration_(Note/PB),B_CommandType,B_Channel_(PC/CC/Note/PB),B_Number_(PC/CC/Note),B_OnValue_(CC/PB),B_OffValue_(CC),B_BankSelect_(PC),B_BankSelectHighByte_(PC),B_Toggle_(CC/PB/Note),B_Velocity_(Note),B_Duration_(Note/PB),C_CommandType,C_Channel_(PC/CC/Note/PB),C_Number_(PC/CC/Note),C_OnValue_(CC/PB),C_OffValue_(CC),C_BankSelect_(PC),C_BankSelectHighByte_(PC),C_Toggle_(CC/PB/Note),C_Velocity_(Note),C_Duration_(Note/PB),D_CommandType,D_Channel_(PC/CC/Note/PB),D_Number_(PC/CC/Note),D_OnValue_(CC/PB),D_OffValue_(CC),D_BankSelect_(PC),D_BankSelectHighByte_(PC),D_Toggle_(CC/PB/Note),D_Velocity_(Note),D_Duration_(Note/PB),E_CommandType,E_Channel_(PC/CC/Note/PB),E_Number_(PC/CC/Note),E_OnValue_(CC/PB),E_OffValue_(CC),E_BankSelect_(PC),E_BankSelectHighByte_(PC),E_Toggle_(CC/PB/Note),E_Velocity_(Note),E_Duration_(Note/PB),F_CommandType,F_Channel_(PC/CC/Note/PB),F_Number_(PC/CC/Note),F_OnValue_(CC/PB),F_OffValue_(CC),F_BankSelect_(PC),F_BankSelectHighByte_(PC),F_Toggle_(CC/PB/Note),F_Velocity_(Note),F_Duration_(Note/PB),G_CommandType,G_Channel_(PC/CC/Note/PB),G_Number_(PC/CC/Note),G_OnValue_(CC/PB),G_OffValue_(CC),G_BankSelect_(PC),G_BankSelectHighByte_(PC),G_Toggle_(CC/PB/Note),G_Velocity_(Note),G_Duration_(Note/PB),H_CommandType,H_Channel_(PC/CC/Note/PB),H_Number_(PC/CC/Note),H_OnValue_(CC/PB),H_OffValue_(CC),H_BankSelect_(PC),H_BankSelectHighByte_(PC),H_Toggle_(CC/PB/Note),H_Velocity_(Note),H_Duration_(Note/PB),I_CommandType,I_Channel_(PC/CC/Note/PB),I_Number_(PC/CC/Note),I_OnValue_(CC/PB),I_OffValue_(CC),I_BankSelect_(PC),I_BankSelectHighByte_(PC),I_Toggle_(CC/PB/Note),I_Velocity_(Note),I_Duration_(Note/PB),J_CommandType,J_Channel_(PC/CC/Note/PB),J_Number_(PC/CC/Note),J_OnValue_(CC/PB),J_OffValue_(CC),J_BankSelect_(PC),J_BankSelectHighByte_(PC),J_Toggle_(CC/PB/Note),J_Velocity_(Note),J_Duration_(Note/PB),Light_Mode,A_KeyMode_(Key),B_KeyMode_(Key),C_KeyMode_(Key),D_KeyMode_(Key),E_KeyMode_(Key),F_KeyMode_(Key),G_KeyMode_(Key),H_KeyMode_(Key),I_KeyMode_(Key),J_KeyMode_(Key)
0,1,LOOP,Bank,,,1,,,,N,,,,,,,,,,N,,,,,,,,,,N,,,,,,,,,,N,,,,,,,,,,N,,,,,,,,,,N,,,,,,,,,,N,,,,,,,,,,N,,,,,,,,,,N,,,,,,,,,,N,,,Normal,GoTo,,,,,,,,,
0,2,FX,Bank,,,2,,,,N,,,,,,,,,,N,,,,,,,,,,N,,,,,,,,,,N,,,,,,,,,,N,,,,,,,,,,N,,,,,,,,,,N,,,,,,,,,,N,,,,,,,,,,N,,,,,,,,,,N,,,Normal,GoTo,,,,,,,,,
0,3,PTCH,Bank,,,3,,,,N,,,,,,,,,,N,,,,,,,,,,N,,,,,,,,,,N,,,,,,,,,,N,,,,,,,,,,N,,,,,,,,,,N,,,,,,,,,,N,,,,,,,,,,N,,,,,,,,,,N,,,Normal,GoTo,,,,,,,,,
0,4,KEYS,Bank,,,4,,,,N,,,,,,,,,,N,,,,,,,,,,N,,,,,,,,,,N,,,,,,,,,,N,,,,,,,,,,N,,,,,,,,,,N,,,,,,,,,,N,,,,,,,,,,N,,,,,,,,,,N,,,Normal,GoTo,,,,,,,,,
0,A,MEDI,Bank,,,5,,,,N,,,,,,,,,,N,,,,,,,,,,N,,,,,,,,,,N,,,,,,,,,,N,,,,,,,,,,N,,,,,,,,,,N,,,,,,,,,,N,,,,,,,,,,N,,,,,,,,,,N,,,Normal,GoTo,,,,,,,,,
0,B,TMPO,Bank,,,6,,,,N,,,,,,,,,,N,,,,,,,,,,N,,,,,,,,,,N,,,,,,,,,,N,,,,,,,,,,N,,,,,,,,,,N,,,,,,,,,,N,,,,,,,,,,N,,,,,,,,,,N,,,Normal,GoTo,,,,,,,,,
0,C,KNOB,Bank,,,7,,,,N,,,,,,,,,,N,,,,,,,,,,N,,,,,,,,,,N,,,,,,,,,,N,,,,,,,,,,N,,,,,,,,,,N,,,,,,,,,,N,,,,,,,,,,N,,,,,,,,,,N,,,Normal,GoTo,,,,,,,,,
0,D,SONG,Bank,,,12,,,,N,,,,,,,,,,N,,,,,,,,,,N,,,,,,,,,,N,,,,,,,,,,N,,,,,,,,,,N,,,,,,,,,,N,,,,,,,,,,N,,,,,,,,,,N,,,,,,,,,,N,,,Normal,GoTo,,,,,,,,,
1,1,REC,CC,1,1,127,0,,,Y,,,,,,,,,,N,,,,,,,,,,N,,,,,,,,,,N,,,,,,,,,,N,,,,,,,,,,N,,,,,,,,,,N,,,,,,,,,,N,,,,,,,,,,N,,,,,,,,,,N,,,AlwaysOn,,,,,,,,,,
1,2,PLAY,CC,1,2,127,0,,,Y,,,,,,,,,,N,,,,,,,,,,N,,,,,,,,,,N,,,,,,,,,,N,,,,,,,,,,N,,,,,,,,,,N,,,,,,,,,,N,,,,,,,,,,N,,,,,,,,,,N,,,Normal,,,,,,,,,,
1,3,STOP,CC,1,3,127,0,,,N,,,,,,,,,,N,,,,,,,,,,N,,,,,,,,,,N,,,,,,,,,,N,,,,,,,,,,N,,,,,,,,,,N,,,,,,,,,,N,,,,,,,,,,N,,,,,,,,,,N,,,Normal,,,,,,,,,,
1,4,UNDO,CC,1,4,127,0,,,N,,,,,,,,,,N,,,,,,,,,,N,,,,,,,,,,N,,,,,,,,,,N,,,,,,,,,,N,,,,,,,,,,N,,,,,,,,,,N,,,,,,,,,,N,,,,,,,,,,N,,,Normal,,,,,,,,,,
1,A,TRK1,CC,1,6,127,0,,,Y,,,,,,,,,,N,,,,,,,,,,N,,,,,,,,,,N,,,,,,,,,,N,,,,,,,,,,N,,,,,,,,,,N,,,,,,,,,,N,,,,,,,,,,N,,,,,,,,,,N,,,Normal,,,,,,,,,,
1,B,TRK2,CC,1,7,127,0,,,Y,,,,,,,,,,N,,,,,,,,,,N,,,,,,,,,,N,,,,,,,,,,N,,,,,,,,,,N,,,,,,,,,,N,,,,,,,,,,N,,,,,,,,,,N,,,,,,,,,,N,,,Normal,,,,,,,,,,
1,C,TRK3,CC,1,8,127,0,,,Y,,,,,,,,,,N,,,,,,,,,,N,,,,,,,,,,N,,,,,,,,,,N,,,,,,,,,,N,,,,,,,,,,N,,,,,,,,,,N,,,,,,,,,,N,,,,,,,,,,N,,,Normal,,,,,,,,,,
1,D,TRK4,CC,1,9,127,0,,,Y,,,,,,,,,,N,,,,,,,,,,N,,,,,,,,,,N,,,,,,,,,,N,,,,,,,,,,N,,,,,,,,,,N,,,,,,,,,,N,,,,,,,,,,N,,,,,,,,,,N,,,Normal,,,,,,,,,,
2,1,NORM,CC,1,10,127,0,,,Y,,,,,,,,,,N,,,,,,,,,,N,,,,,,,,,,N,,,,,,,,,,N,,,,,,,,,,N,,,,,,,,,,N,,,,,,,,,,N,,,,,,,,,,N,,,,,,,,,,N,,,Normal,,,,,,,,,,
2,2,REVS,CC,1,11,127,0,,,Y,,,,,,,,,,N,,,,,,,,,,N,,,,,,,,,,N,,,,,,,,,,N,,,,,,,,,,N,,,,,,,,,,N,,,,,,,,,,N,,,,,,,,,,N,,,,,,,,,,N,,,Reverse,,,,,,,,,,
2,3,ALWY,CC,1,12,127,0,,,Y,,,,,,,,,,N,,,,,,,,,,N,,,,,,,,,,N,,,,,,,,,,N,,,,,,,,,,N,,,,,,,,,,N,,,,,,,,,,N,,,,,,,,,,N,,,,,,,,,,N,,,AlwaysOn,,,,,,,,,,
2,4,MOMT,CC,1,13,127,0,,,N,,,,,,,,,,N,,,,,,,,,,N,,,,,,,,,,N,,,,,,,,,,N,,,,,,,,,,N,,,,,,,,,,N,,,,,,,,,,N,,,,,,,,,,N,,,,,,,,,,N,,,Normal,,,,,,,,,,
2,A,DIM,CC,1,14,127,0,,,Y,,,,,,,,,,N,,,,,,,,,,N,,,,,,,,,,N,,,,,,,,,,N,,,,,,,,,,N,,,,,,,,,,N,,,,,,,,,,N,,,,,,,,,,N,,,,,,,,,,N,,,Reverse,,,,,,,,,,
2,B,BLNK,CC,1,15,127,0,,,Y,,,,,,,,,,N,,,,,,,,,,N,,,,,,,,,,N,,,,,,,,,,N,,,,,,,,,,N,,,,,,,,,,N,,,,,,,,,,N,,,,,,,,,,N,,,,,,,,,,N,,,AlwaysOn,,,,,,,,,,
2,C,HALF,CC,1,16,64,0,,,N,,,,,,,,,,N,,,,,,,,,,N,,,,,,,,,,N,,,,,,,,,,N,,,,,,,,,,N,,,,,,,,,,N,,,,,,,,,,N,,,,,,,,,,N,,,,,,,,,,N,,,Normal,,,,,,,,,,
2,D,NOFF,CC,1,17,127,128,,,N,,,,,,,,,,N,,,,,,,,,,N,,,,,,,,,,N,,,,,,,,,,N,,,,,,,,,,N,,,,,,,,,,N,,,,,,,,,,N,,,,,,,,,,N,,,,,,,,,,N,,,Normal,,,,,,,,,,
3,1,P 0,PC,1,0,,,,N,N,,,,,,,,,,N,,,,,,,,,,N,,,,,,,,,,N,,,,,,,,,,N,,,,,,,,,,N,,,,,,,,,,N,,,,,,,,,,N,,,,,,,,,,N,,,,,,,,,,N,,,Normal,,,,,,,,,,
3,2,P 1,PC,1,1,,,,N,N,,,,,,,,,,N,,,,,,,,,,N,,,,,,,,,,N,,,,,,,,,,N,,,,,,,,,,N,,,,,,,,,,N,,,,,,,,,,N,,,,,,,,,,N,,,,,,,,,,N,,,Normal,,,,,,,,,,
3,3,P 7,PC,1,7,,,,N,N,,,,,,,,,,N,,,,,,,,,,N,,,,,,,,,,N,,,,,,,,,,N,,,,,,,,,,N,,,,,,,,,,N,,,,,,,,,,N,,,,,,,,,,N,,,,,,,,,,N,,,Normal,,,,,,,,,,
3,4,P 42,PC,1,42,,,,N,N,,,,,,,,,,N,,,,,,,,,,N,,,,,,,,,,N,,,,,,,,,,N,,,,,,,,,,N,,,,,,,,,,N,,,,,,,,,,N,,,,,,,,,,N,,,,,,,,,,N,,,Normal,,,,,,,,,,
3,A,BS 3,PC,1,3,,,3,N,N,,,,,,,,,,N,,,,,,,,,,N,,,,,,,,,,N,,,,,,,,,,N,,,,,,,,,,N,,,,,,,,,,N,,,,,,,,,,N,,,,,,,,,,N,,,,,,,,,,N,,,Normal,,,,,,,,,,
3,B,BSM,PC,1,4,,,300,Y,N,,,,,,,,,,N,,,,,,,,,,N,,,,,,,,,,N,,,,,,,,,,N,,,,,,,,,,N,,,,,,,,,,N,,,,,,,,,,N,,,,,,,,,,N,,,,,,,,,,N,,,Normal,,,,,,,,,,
3,C,CH 5,PC,5,9,,,,N,N,,,,,,,,,,N,,,,,,,,,,N,,,,,,,,,,N,,,,,,,,,,N,,,,,,,,,,N,,,,,,,,,,N,,,,,,,,,,N,,,,,,,,,,N,,,,,,,,,,N,,,Normal,,,,,,,,,,
3,D,CH16,PC,16,9,,,,N,N,,,,,,,,,,N,,,,,,,,,,N,,,,,,,,,,N,,,,,,,,,,N,,,,,,,,,,N,,,,,,,,,,N,,,,,,,,,,N,,,,,,,,,,N,,,,,,,,,,N,,,Normal,,,,,,,,,,
4,1,SPC,Key,,0,space,,,,N,,,,,,,,,,N,,,,,,,,,,N,,,,,,,,,,N,,,,,,,,,,N,,,,,,,,,,N,,,,,,,,,,N,,,,,,,,,,N,,,,,,,,,,N,,,,,,,,,,N,,,Normal,Normal,,,,,,,,,
4,2,ENTR,Key,,0,enter,,,,N,,,,,,,,,,N,,,,,,,,,,N,,,,,,,,,,N,,,,,,,,,,N,,,,,,,,,,N,,,,,,,,,,N,,,,,,,,,,N,,,,,,,,,,N,,,,,,,,,,N,,,Normal,Normal,,,,,,,,,
4,3,ESC,Key,,0,esc,,,,N,,,,,,,,,,N,,,,,,,,,,N,,,,,,,,,,N,,,,,,,,,,N,,,,,,,,,,N,,,,,,,,,,N,,,,,,,,,,N,,,,,,,,,,N,,,,,,,,,,N,,,Normal,Normal,,,,,,,,,
4,4,TAB,Key,,0,tab,,,,N,,,,,,,,,,N,,,,,,,,,,N,,,,,,,,,,N,,,,,,,,,,N,,,,,,,,,,N,,,,,,,,,,N,,,,,,,,,,N,,,,,,,,,,N,,,,,,,,,,N,,,Normal,Normal,,,,,,,,,
4,A,C+S,Key,,1,s,,,,N,,,,,,,,,,N,,,,,,,,,,N,,,,,,,,,,N,,,,,,,,,,N,,,,,,,,,,N,,,,,,,,,,N,,,,,,,,,,N,,,,,,,,,,N,,,,,,,,,,N,,,Normal,Normal,,,,,,,,,
4,B,CMDZ,Key,,8,z,,,,N,,,,,,,,,,N,,,,,,,,,,N,,,,,,,,,,N,,,,,,,,,,N,,,,,,,,,,N,,,,,,,,,,N,,,,,,,,,,N,,,,,,,,,,N,,,,,,,,,,N,,,Normal,Normal,,,,,,,,,
4,C,HOLD,Key,,0,a,,,,Y,,,,,,,,,,N,,,,,,,,,,N,,,,,,,,,,N,,,,,,,,,,N,,,,,,,,,,N,,,,,,,,,,N,,,,,,,,,,N,,,,,,,,,,N,,,,,,,,,,N,,,Normal,Normal,,,,,,,,,
4,D,,Key,,2,a,,,,N,,,Key,,2,a,,,,N,,20,,,,,,,,N,,,,,,,,,,N,,,,,,,,,,N,,,,,,,,,,N,,,,,,,,,,N,,,,,,,,,,N,,,,,,,,,,N,,,,,,,,,,N,,,Normal,Down,Up,,,,,,,,
5,1,PLAY,Media,,,play_pause,,,,N,,,,,,,,,,N,,,,,,,,,,N,,,,,,,,,,N,,,,,,,,,,N,,,,,,,,,,N,,,,,,,,,,N,,,,,,,,,,N,,,,,,,,,,N,,,,,,,,,,N,,,Normal,,,,,,,,,,
5,2,NEXT,Media,,,next,,,,N,,,,,,,,,,N,,,,,,,,,,N,,,,,,,,,,N,,,,,,,,,,N,,,,,,,,,,N,,,,,,,,,,N,,,,,,,,,,N,,,,,,,,,,N,,,,,,,,,,N,,,Normal,,,,,,,,,,
5,3,PREV,Media,,,prev,,,,N,,,,,,,,,,N,,,,,,,,,,N,,,,,,,,,,N,,,,,,,,,,N,,,,,,,,,,N,,,,,,,,,,N,,,,,,,,,,N,,,,,,,,,,N,,,,,,,,,,N,,,Normal,,,,,,,,,,
5,4,STOP,Media,,,stop,,,,N,,,,,,,,,,N,,,,,,,,,,N,,,,,,,,,,N,,,,,,,,,,N,,,,,,,,,,N,,,,,,,,,,N,,,,,,,,,,N,,,,,,,,,,N,,,,,,,,,,N,,,Normal,,,,,,,,,,
5,A,VOL+,Media,,,vol_up,,,,N,,,,,,,,,,N,,,,,,,,,,N,,,,,,,,,,N,,,,,,,,,,N,,,,,,,,,,N,,,,,,,,,,N,,,,,,,,,,N,,,,,,,,,,N,,,,,,,,,,N,,,Normal,,,,,,,,,,
5,B,VOL-,Media,,,vol_down,,,,N,,,,,,,,,,N,,,,,,,,,,N,,,,,,,,,,N,,,,,,,,,,N,,,,,,,,,,N,,,,,,,,,,N,,,,,,,,,,N,,,,,,,,,,N,,,,,,,,,,N,,,Normal,,,,,,,,,,
5,C,MUTE,Media,,,mute,,,,N,,,,,,,,,,N,,,,,,,,,,N,,,,,,,,,,N,,,,,,,,,,N,,,,,,,,,,N,,,,,,,,,,N,,,,,,,,,,N,,,,,,,,,,N,,,,,,,,,,N,,,Normal,,,,,,,,,,
5,D,REC,Media,,,record,,,,N,,,,,,,,,,N,,,,,,,,,,N,,,,,,,,,,N,,,,,,,,,,N,,,,,,,,,,N,,,,,,,,,,N,,,,,,,,,,N,,,,,,,,,,N,,,,,,,,,,N,,,Normal,,,,,,,,,,
6,1,TAP,Tap,,,,,,,N,,,,,,,,,,N,,,,,,,,,,N,,,,,,,,,,N,,,,,,,,,,N,,,,,,,,,,N,,,,,,,,,,N,,,,,,,,,,N,,,,,,,,,,N,,,,,,,,,,N,,,Normal,Tap,,,,,,,,,
6,2,CLK,Tap,,,,,,,N,,,,,,,,,,N,,,,,,,,,,N,,,,,,,,,,N,,,,,,,,,,N,,,,,,,,,,N,,,,,,,,,,N,,,,,,,,,,N,,,,,,,,,,N,,,,,,,,,,N,,,Normal,Clock,,,,,,,,,
6,3,STRT,Start,,,,,,,N,,,,,,,,,,N,,,,,,,,,,N,,,,,,,,,,N,,,,,,,,,,N,,,,,,,,,,N,,,,,,,,,,N,,,,,,,,,,N,,,,,,,,,,N,,,,,,,,,,N,,,Normal,,,,,,,,,,
6,4,STOP,Stop,,,,,,,N,,,,,,,,,,N,,,,,,,,,,N,,,,,,,,,,N,,,,,,,,,,N,,,,,,,,,,N,,,,,,,,,,N,,,,,,,,,,N,,,,,,,,,,N,,,,,,,,,,N,,,Normal,,,,,,,,,,
6,A,TAP2,Tap,,,,,,,N,,,,,,,,,,N,,,,,,,,,,N,,,,,,,,,,N,,,,,,,,,,N,,,,,,,,,,N,,,,,,,,,,N,,,,,,,,,,N,,,,,,,,,,N,,,,,,,,,,N,,,Normal,Tap,,,,,,,,,
6,B,SYNC,CC,1,20,127,0,,,Y,,,,,,,,,,N,,,,,,,,,,N,,,,,,,,,,N,,,,,,,,,,N,,,,,,,,,,N,,,,,,,,,,N,,,,,,,,,,N,,,,,,,,,,N,,,,,,,,,,N,,,Normal,,,,,,,,,,
6,C,STRT,Start,,,,,,,N,,,,,,,,,,N,,,,,,,,,,N,,,,,,,,,,N,,,,,,,,,,N,,,,,,,,,,N,,,,,,,,,,N,,,,,,,,,,N,,,,,,,,,,N,,,,,,,,,,N,,,Normal,,,,,,,,,,
6,D,STOP,Stop,,,,,,,N,,,,,,,,,,N,,,,,,,,,,N,,,,,,,,,,N,,,,,,,,,,N,,,,,,,,,,N,,,,,,,,,,N,,,,,,,,,,N,,,,,,,,,,N,,,,,,,,,,N,,,Normal,,,,,,,,,,
7,1,VOL+,CCInc,1,7,64,5,,,N,,,,,,,,,,N,,,,,,,,,,N,,,,,,,,,,N,,,,,,,,,,N,,,,,,,,,,N,,,,,,,,,,N,,,,,,,,,,N,,,,,,,,,,N,,,,,,,,,,N,,,Normal,Up,,,,,,,,,
7,2,VOL-,CCInc,1,7,64,5,,,N,,,,,,,,,,N,,,,,,,,,,N,,,,,,,,,,N,,,,,,,,,,N,,,,,,,,,,N,,,,,,,,,,N,,,,,,,,,,N,,,,,,,,,,N,,,,,,,,,,N,,,Normal,Down,,,,,,,,,
7,3,PAN+,CCInc,1,10,64,8,,,N,,,,,,,,,,N,,,,,,,,,,N,,,,,,,,,,N,,,,,,,,,,N,,,,,,,,,,N,,,,,,,,,,N,,,,,,,,,,N,,,,,,,,,,N,,,,,,,,,,N,,,Normal,Up,,,,,,,,,
7,4,PAN-,CCInc,1,10,64,8,,,N,,,,,,,,,,N,,,,,,,,,,N,,,,,,,,,,N,,,,,,,,,,N,,,,,,,,,,N,,,,,,,,,,N,,,,,,,,,,N,,,,,,,,,,N,,,,,,,,,,N,,,Normal,Down,,,,,,,,,
7,A,WRP+,CCInc,1,11,0,16,,,Y,,,,,,,,,,N,,,,,,,,,,N,,,,,,,,,,N,,,,,,,,,,N,,,,,,,,,,N,,,,,,,,,,N,,,,,,,,,,N,,,,,,,,,,N,,,,,,,,,,N,,,Normal,Up,,,,,,,,,
7,B,WRP-,CCInc,1,11,0,16,,,Y,,,,,,,,,,N,,,,,,,,,,N,,,,,,,,,,N,,,,,,,,,,N,,,,,,,,,,N,,,,,,,,,,N,,,,,,,,,,N,,,,,,,,,,N,,,,,,,,,,N,,,Normal,Down,,,,,,,,,
7,C,FINE,CCInc,1,12,0,1,,,N,,,,,,,,,,N,,,,,,,,,,N,,,,,,,,,,N,,,,,,,,,,N,,,,,,,,,,N,,,,,,,,,,N,,,,,,,,,,N,,,,,,,,,,N,,,,,,,,,,N,,,Normal,Up,,,,,,,,,
7,D,JUMP,CCInc,1,12,0,32,,,N,,,,,,,,,,N,,,,,,,,,,N,,,,,,,,,,N,,,,,,,,,,N,,,,,,,,,,N,,,,,,,,,,N,,,,,,,,,,N,,,,,,,,,,N,,,,,,,,,,N,,,Normal,Up,,,,,,,,,
8,1,INQ,SysEx,,0,,,,,N,,,,,,,,,,N,,,,,,,,,,N,,,,,,,,,,N,,,,,,,,,,N,,,,,,,,,,N,,,,,,,,,,N,,,,,,,,,,N,,,,,,,,,,N,,,,,,,,,,N,,,Normal,,,,,,,,,,
8,2,ROLD,SysEx,,1,,,,,N,,,,,,,,,,N,,,,,,,,,,N,,,,,,,,,,N,,,,,,,,,,N,,,,,,,,,,N,,,,,,,,,,N,,,,,,,,,,N,,,,,,,,,,N,,,,,,,,,,N,,,Normal,,,,,,,,,,
8,3,MAKR,SysEx,,2,,,,,N,,,,,,,,,,N,,,,,,,,,,N,,,,,,,,,,N,,,,,,,,,,N,,,,,,,,,,N,,,,,,,,,,N,,,,,,,,,,N,,,,,,,,,,N,,,,,,,,,,N,,,Normal,,,,,,,,,,
8,4,EMPT,SysEx,,15,,,,,N,,,,,,,,,,N,,,,,,,,,,N,,,,,,,,,,N,,,,,,,,,,N,,,,,,,,,,N,,,,,,,,,,N,,,,,,,,,,N,,,,,,,,,,N,,,,,,,,,,N,,,Normal,,,,,,,,,,
8,A,CC30,CC,1,30,127,0,,,N,,,,,,,,,,N,,,,,,,,,,N,,,,,,,,,,N,,,,,,,,,,N,,,,,,,,,,N,,,,,,,,,,N,,,,,,,,,,N,,,,,,,,,,N,,,,,,,,,,N,,,Normal,,,,,,,,,,
8,B,CC31,CC,1,31,127,0,,,N,,,,,,,,,,N,,,,,,,,,,N,,,,,,,,,,N,,,,,,,,,,N,,,,,,,,,,N,,,,,,,,,,N,,,,,,,,,,N,,,,,,,,,,N,,,,,,,,,,N,,,Normal,,,,,,,,,,
8,C,CC32,CC,1,32,127,0,,,N,,,,,,,,,,N,,,,,,,,,,N,,,,,,,,,,N,,,,,,,,,,N,,,,,,,,,,N,,,,,,,,,,N,,,,,,,,,,N,,,,,,,,,,N,,,,,,,,,,N,,,Normal,,,,,,,,,,
8,D,CC33,CC,1,33,127,0,,,N,,,,,,,,,,N,,,,,,,,,,N,,,,,,,,,,N,,,,,,,,,,N,,,,,,,,,,N,,,,,,,,,,N,,,,,,,,,,N,,,,,,,,,,N,,,,,,,,,,N,,,Normal,,,,,,,,,,
9,1,C3,Note,1,60,,,,,N,100,,,,,,,,,N,,,,,,,,,,N,,,,,,,,,,N,,,,,,,,,,N,,,,,,,,,,N,,,,,,,,,,N,,,,,,,,,,N,,,,,,,,,,N,,,,,,,,,,N,,,Normal,,,,,,,,,,
9,2,E3,Note,1,64,,,,,N,100,,,,,,,,,N,,,,,,,,,,N,,,,,,,,,,N,,,,,,,,,,N,,,,,,,,,,N,,,,,,,,,,N,,,,,,,,,,N,,,,,,,,,,N,,,,,,,,,,N,,,Normal,,,,,,,,,,
9,3,G3,Note,1,67,,,,,N,100,,,,,,,,,N,,,,,,,,,,N,,,,,,,,,,N,,,,,,,,,,N,,,,,,,,,,N,,,,,,,,,,N,,,,,,,,,,N,,,,,,,,,,N,,,,,,,,,,N,,,Normal,,,,,,,,,,
9,4,HOLD,Note,1,72,,,,,Y,100,,,,,,,,,N,,,,,,,,,,N,,,,,,,,,,N,,,,,,,,,,N,,,,,,,,,,N,,,,,,,,,,N,,,,,,,,,,N,,,,,,,,,,N,,,,,,,,,,N,,,Normal,,,,,,,,,,
9,A,1SEC,Note,1,60,,,,,N,100,100,,,,,,,,N,,,,,,,,,,N,,,,,,,,,,N,,,,,,,,,,N,,,,,,,,,,N,,,,,,,,,,N,,,,,,,,,,N,,,,,,,,,,N,,,,,,,,,,N,,,Normal,,,,,,,,,,
9,B,UP,PB,1,,4000,,,,N,,,,,,,,,,N,,,,,,,,,,N,,,,,,,,,,N,,,,,,,,,,N,,,,,,,,,,N,,,,,,,,,,N,,,,,,,,,,N,,,,,,,,,,N,,,,,,,,,,N,,,Normal,,,,,,,,,,
9,C,DOWN,PB,1,,-4000,,,,N,,,,,,,,,,N,,,,,,,,,,N,,,,,,,,,,N,,,,,,,,,,N,,,,,,,,,,N,,,,,,,,,,N,,,,,,,,,,N,,,,,,,,,,N,,,,,,,,,,N,,,Normal,,,,,,,,,,
9,D,BLIP,PB,1,,8191,,,,N,,20,,,,,,,,N,,,,,,,,,,N,,,,,,,,,,N,,,,,,,,,,N,,,,,,,,,,N,,,,,,,,,,N,,,,,,,,,,N,,,,,,,,,,N,,,,,,,,,,N,,,Normal,,,,,,,,,,
10,1,HOME,Bank,,,0,,,,N,,,,,,,,,,N,,,,,,,,,,N,,,,,,,,,,N,,,,,,,,,,N,,,,,,,,,,N,,,,,,,,,,N,,,,,,,,,,N,,,,,,,,,,N,,,,,,,,,,N,,,Normal,GoTo,,,,,,,,,
10,2,UP 1,Bank,,,1,,,,N,,,,,,,,,,N,,,,,,,,,,N,,,,,,,,,,N,,,,,,,,,,N,,,,,,,,,,N,,,,,,,,,,N,,,,,,,,,,N,,,,,,,,,,N,,,,,,,,,,N,,,Normal,Up,,,,,,,,,
10,3,DN 1,Bank,,,1,,,,N,,,,,,,,,,N,,,,,,,,,,N,,,,,,,,,,N,,,,,,,,,,N,,,,,,,,,,N,,,,,,,,,,N,,,,,,,,,,N,,,,,,,,,,N,,,,,,,,,,N,,,Normal,Down,,,,,,,,,
10,4,UP 8,Bank,,,8,,,,N,,,,,,,,,,N,,,,,,,,,,N,,,,,,,,,,N,,,,,,,,,,N,,,,,,,,,,N,,,,,,,,,,N,,,,,,,,,,N,,,,,,,,,,N,,,,,,,,,,N,,,Normal,Up,,,,,,,,,
10,A,DN 8,Bank,,,8,,,,N,,,,,,,,,,N,,,,,,,,,,N,,,,,,,,,,N,,,,,,,,,,N,,,,,,,,,,N,,,,,,,,,,N,,,,,,,,,,N,,,,,,,,,,N,,,,,,,,,,N,,,Normal,Down,,,,,,,,,
10,B,LAST,Bank,,,31,,,,N,,,,,,,,,,N,,,,,,,,,,N,,,,,,,,,,N,,,,,,,,,,N,,,,,,,,,,N,,,,,,,,,,N,,,,,,,,,,N,,,,,,,,,,N,,,,,,,,,,N,,,Normal,GoTo,,,,,,,,,
10,C,SONG,Bank,,,12,,,,N,,,,,,,,,,N,,,,,,,,,,N,,,,,,,,,,N,,,,,,,,,,N,,,,,,,,,,N,,,,,,,,,,N,,,,,,,,,,N,,,,,,,,,,N,,,,,,,,,,N,,,Normal,GoTo,,,,,,,,,
10,D,GO+C,CC,1,40,127,0,,,N,,,Bank,,,1,,,,N,,,,,,,,,,N,,,,,,,,,,N,,,,,,,,,,N,,,,,,,,,,N,,,,,,,,,,N,,,,,,,,,,N,,,,,,,,,,N,,,,,,,,,,N,,,Normal,,GoTo,,,,,,,,
11,1,,PC,1,5,,,,N,N,,,CC,1,50,127,0,,,N,,,CC,1,51,64,0,,,N,,,Note,1,60,,,,,N,100,10,Key,,0,1,,,,N,,,,,,,,,,N,,,,,,,,,,N,,,,,,,,,,N,,,,,,,,,,N,,,,,,,,,,N,,,Normal,,,,,Normal,,,,,
11,2,S/L,CC,1,52,127,0,,,N,,,,,,,,,,N,,,,,,,,,,N,,,,,,,,,,N,,,,,,,,,,N,,,,,,,,,,N,,,,,,,,,,N,,,,,,,,,,N,,,,,,,,,,N,,,,,,,,,,N,,,Normal,,,,,,,,,,
11,3,TGLS,CC,1,54,127,0,,,Y,,,,,,,,,,N,,,,,,,,,,N,,,,,,,,,,N,,,,,,,,,,N,,,,,,,,,,N,,,,,,,,,,N,,,,,,,,,,N,,,,,,,,,,N,,,,,,,,,,N,,,Normal,,,,,,,,,,
11,4,MULT,CC,1,56,127,0,,,Y,,,,,,,,,,N,,,,,,,,,,N,,,,,,,,,,N,,,,,,,,,,N,,,,,,,,,,N,,,,,,,,,,N,,,,,,,,,,N,,,,,,,,,,N,,,,,,,,,,N,,,AlwaysOn,,,,,,,,,,
11,A,PLAY,Media,,,play_pause,,,,N,,,,,,,,,,N,,,,,,,,,,N,,,,,,,,,,N,,,,,,,,,,N,,,,,,,,,,N,,,,,,,,,,N,,,,,,,,,,N,,,,,,,,,,N,,,,,,,,,,N,,,Normal,,,,,,,,,,
11,B,TAP,Tap,,,,,,,N,,,,,,,,,,N,,,,,,,,,,N,,,,,,,,,,N,,,,,,,,,,N,,,,,,,,,,N,,,,,,,,,,N,,,,,,,,,,N,,,,,,,,,,N,,,,,,,,,,N,,,Normal,Tap,,,,,,,,,
11,C,NUDG,CCInc,1,57,0,4,,,Y,,,,,,,,,,N,,,,,,,,,,N,,,,,,,,,,N,,,,,,,,,,N,,,,,,,,,,N,,,,,,,,,,N,,,,,,,,,,N,,,,,,,,,,N,,,,,,,,,,N,,,Normal,Up,,,,,,,,,
11,D,SYX,SysEx,,0,,,,,N,,,,,,,,,,N,,,,,,,,,,N,,,,,,,,,,N,,,,,,,,,,N,,,,,,,,,,N,,,,,,,,,,N,,,,,,,,,,N,,,,,,,,,,N,,,,,,,,,,N,,,Normal,,,,,,,,,,
12,1,REC,CC,1,1,127,0,,,Y,,,,,,,,,,N,,,,,,,,,,N,,,,,,,,,,N,,,,,,,,,,N,,,,,,,,,,N,,,,,,,,,,N,,,,,,,,,,N,,,,,,,,,,N,,,,,,,,,,N,,,AlwaysOn,,,,,,,,,,
12,2,PLAY,CC,1,2,127,0,,,Y,,,,,,,,,,N,,,,,,,,,,N,,,,,,,,,,N,,,,,,,,,,N,,,,,,,,,,N,,,,,,,,,,N,,,,,,,,,,N,,,,,,,,,,N,,,,,,,,,,N,,,Normal,,,,,,,,,,
12,3,STOP,CC,1,3,127,0,,,N,,,,,,,,,,N,,,,,,,,,,N,,,,,,,,,,N,,,,,,,,,,N,,,,,,,,,,N,,,,,,,,,,N,,,,,,,,,,N,,,,,,,,,,N,,,,,,,,,,N,,,Normal,,,,,,,,,,
12,4,UNDO,CC,1,4,127,0,,,N,,,,,,,,,,N,,,,,,,,,,N,,,,,,,,,,N,,,,,,,,,,N,,,,,,,,,,N,,,,,,,,,,N,,,,,,,,,,N,,,,,,,,,,N,,,,,,,,,,N,,,Normal,,,,,,,,,,
12,A,HOME,Bank,,,0,,,,N,,,,,,,,,,N,,,,,,,,,,N,,,,,,,,,,N,,,,,,,,,,N,,,,,,,,,,N,,,,,,,,,,N,,,,,,,,,,N,,,,,,,,,,N,,,,,,,,,,N,,,Normal,GoTo,,,,,,,,,
12,B,PREV,Bank,,,1,,,,N,,,,,,,,,,N,,,,,,,,,,N,,,,,,,,,,N,,,,,,,,,,N,,,,,,,,,,N,,,,,,,,,,N,,,,,,,,,,N,,,,,,,,,,N,,,,,,,,,,N,,,Normal,Down,,,,,,,,,
12,C,NEXT,Bank,,,1,,,,N,,,,,,,,,,N,,,,,,,,,,N,,,,,,,,,,N,,,,,,,,,,N,,,,,,,,,,N,,,,,,,,,,N,,,,,,,,,,N,,,,,,,,,,N,,,,,,,,,,N,,,Normal,Up,,,,,,,,,
12,D,TAP,Tap,,,,,,,N,,,,,,,,,,N,,,,,,,,,,N,,,,,,,,,,N,,,,,,,,,,N,,,,,,,,,,N,,,,,,,,,,N,,,,,,,,,,N,,,,,,,,,,N,,,,,,,,,,N,,,Normal,Tap,,,,,,,,,
13,1,REC,CC,1,1,127,0,,,Y,,,,,,,,,,N,,,,,,,,,,N,,,,,,,,,,N,,,,,,,,,,N,,,,,,,,,,N,,,,,,,,,,N,,,,,,,,,,N,,,,,,,,,,N,,,,,,,,,,N,,,AlwaysOn,,,,,,,,,,
13,2,PLAY,CC,1,2,127,0,,,Y,,,,,,,,,,N,,,,,,,,,,N,,,,,,,,,,N,,,,,,,,,,N,,,,,,,,,,N,,,,,,,,,,N,,,,,,,,,,N,,,,,,,,,,N,,,,,,,,,,N,,,Normal,,,,,,,,,,
13,3,STOP,CC,1,3,127,0,,,N,,,,,,,,,,N,,,,,,,,,,N,,,,,,,,,,N,,,,,,,,,,N,,,,,,,,,,N,,,,,,,,,,N,,,,,,,,,,N,,,,,,,,,,N,,,,,,,,,,N,,,Normal,,,,,,,,,,
13,4,UNDO,CC,1,4,127,0,,,N,,,,,,,,,,N,,,,,,,,,,N,,,,,,,,,,N,,,,,,,,,,N,,,,,,,,,,N,,,,,,,,,,N,,,,,,,,,,N,,,,,,,,,,N,,,,,,,,,,N,,,Normal,,,,,,,,,,
13,A,HOME,Bank,,,0,,,,N,,,,,,,,,,N,,,,,,,,,,N,,,,,,,,,,N,,,,,,,,,,N,,,,,,,,,,N,,,,,,,,,,N,,,,,,,,,,N,,,,,,,,,,N,,,,,,,,,,N,,,Normal,GoTo,,,,,,,,,
13,B,PREV,Bank,,,1,,,,N,,,,,,,,,,N,,,,,,,,,,N,,,,,,,,,,N,,,,,,,,,,N,,,,,,,,,,N,,,,,,,,,,N,,,,,,,,,,N,,,,,,,,,,N,,,,,,,,,,N,,,Normal,Down,,,,,,,,,
13,C,NEXT,Bank,,,1,,,,N,,,,,,,,,,N,,,,,,,,,,N,,,,,,,,,,N,,,,,,,,,,N,,,,,,,,,,N,,,,,,,,,,N,,,,,,,,,,N,,,,,,,,,,N,,,,,,,,,,N,,,Normal,Up,,,,,,,,,
13,D,TAP,Tap,,,,,,,N,,,,,,,,,,N,,,,,,,,,,N,,,,,,,,,,N,,,,,,,,,,N,,,,,,,,,,N,,,,,,,,,,N,,,,,,,,,,N,,,,,,,,,,N,,,,,,,,,,N,,,Normal,Tap,,,,,,,,,
14,1,REC,CC,1,1,127,0,,,Y,,,,,,,,,,N,,,,,,,,,,N,,,,,,,,,,N,,,,,,,,,,N,,,,,,,,,,N,,,,,,,,,,N,,,,,,,,,,N,,,,,,,,,,N,,,,,,,,,,N,,,AlwaysOn,,,,,,,,,,
14,2,PLAY,CC,1,2,127,0,,,Y,,,,,,,,,,N,,,,,,,,,,N,,,,,,,,,,N,,,,,,,,,,N,,,,,,,,,,N,,,,,,,,,,N,,,,,,,,,,N,,,,,,,,,,N,,,,,,,,,,N,,,Normal,,,,,,,,,,
14,3,STOP,CC,1,3,127,0,,,N,,,,,,,,,,N,,,,,,,,,,N,,,,,,,,,,N,,,,,,,,,,N,,,,,,,,,,N,,,,,,,,,,N,,,,,,,,,,N,,,,,,,,,,N,,,,,,,,,,N,,,Normal,,,,,,,,,,
14,4,UNDO,CC,1,4,127,0,,,N,,,,,,,,,,N,,,,,,,,,,N,,,,,,,,,,N,,,,,,,,,,N,,,,,,,,,,N,,,,,,,,,,N,,,,,,,,,,N,,,,,,,,,,N,,,,,,,,,,N,,,Normal,,,,,,,,,,
14,A,HOME,Bank,,,0,,,,N,,,,,,,,,,N,,,,,,,,,,N,,,,,,,,,,N,,,,,,,,,,N,,,,,,,,,,N,,,,,,,,,,N,,,,,,,,,,N,,,,,,,,,,N,,,,,,,,,,N,,,Normal,GoTo,,,,,,,,,
14,B,PREV,Bank,,,1,,,,N,,,,,,,,,,N,,,,,,,,,,N,,,,,,,,,,N,,,,,,,,,,N,,,,,,,,,,N,,,,,,,,,,N,,,,,,,,,,N,,,,,,,,,,N,,,,,,,,,,N,,,Normal,Down,,,,,,,,,
14,C,NEXT,Bank,,,1,,,,N,,,,,,,,,,N,,,,,,,,,,N,,,,,,,,,,N,,,,,,,,,,N,,,,,,,,,,N,,,,,,,,,,N,,,,,,,,,,N,,,,,,,,,,N,,,,,,,,,,N,,,Normal,Up,,,,,,,,,
14,D,TAP,Tap,,,,,,,N,,,,,,,,,,N,,,,,,,,,,N,,,,,,,,,,N,,,,,,,,,,N,,,,,,,,,,N,,,,,,,,,,N,,,,,,,,,,N,,,,,,,,,,N,,,,,,,,,,N,,,Normal,Tap,,,,,,,,,
15,1,REC,CC,1,1,127,0,,,Y,,,,,,,,,,N,,,,,,,,,,N,,,,,,,,,,N,,,,,,,,,,N,,,,,,,,,,N,,,,,,,,,,N,,,,,,,,,,N,,,,,,,,,,N,,,,,,,,,,N,,,AlwaysOn,,,,,,,,,,
15,2,PLAY,CC,1,2,127,0,,,Y,,,,,,,,,,N,,,,,,,,,,N,,,,,,,,,,N,,,,,,,,,,N,,,,,,,,,,N,,,,,,,,,,N,,,,,,,,,,N,,,,,,,,,,N,,,,,,,,,,N,,,Normal,,,,,,,,,,
15,3,STOP,CC,1,3,127,0,,,N,,,,,,,,,,N,,,,,,,,,,N,,,,,,,,,,N,,,,,,,,,,N,,,,,,,,,,N,,,,,,,,,,N,,,,,,,,,,N,,,,,,,,,,N,,,,,,,,,,N,,,Normal,,,,,,,,,,
15,4,UNDO,CC,1,4,127,0,,,N,,,,,,,,,,N,,,,,,,,,,N,,,,,,,,,,N,,,,,,,,,,N,,,,,,,,,,N,,,,,,,,,,N,,,,,,,,,,N,,,,,,,,,,N,,,,,,,,,,N,,,Normal,,,,,,,,,,
15,A,HOME,Bank,,,0,,,,N,,,,,,,,,,N,,,,,,,,,,N,,,,,,,,,,N,,,,,,,,,,N,,,,,,,,,,N,,,,,,,,,,N,,,,,,,,,,N,,,,,,,,,,N,,,,,,,,,,N,,,Normal,GoTo,,,,,,,,,
15,B,PREV,Bank,,,1,,,,N,,,,,,,,,,N,,,,,,,,,,N,,,,,,,,,,N,,,,,,,,,,N,,,,,,,,,,N,,,,,,,,,,N,,,,,,,,,,N,,,,,,,,,,N,,,,,,,,,,N,,,Normal,Down,,,,,,,,,
15,C,NEXT,Bank,,,1,,,,N,,,,,,,,,,N,,,,,,,,,,N,,,,,,,,,,N,,,,,,,,,,N,,,,,,,,,,N,,,,,,,,,,N,,,,,,,,,,N,,,,,,,,,,N,,,,,,,,,,N,,,Normal,Up,,,,,,,,,
15,D,TAP,Tap,,,,,,,N,,,,,,,,,,N,,,,,,,,,,N,,,,,,,,,,N,,,,,,,,,,N,,,,,,,,,,N,,,,,,,,,,N,,,,,,,,,,N,,,,,,,,,,N,,,,,,,,,,N,,,Normal,Tap,,,,,,,,,
16,1,REC,CC,1,1,127,0,,,Y,,,,,,,,,,N,,,,,,,,,,N,,,,,,,,,,N,,,,,,,,,,N,,,,,,,,,,N,,,,,,,,,,N,,,,,,,,,,N,,,,,,,,,,N,,,,,,,,,,N,,,AlwaysOn,,,,,,,,,,
16,2,PLAY,CC,1,2,127,0,,,Y,,,,,,,,,,N,,,,,,,,,,N,,,,,,,,,,N,,,,,,,,,,N,,,,,,,,,,N,,,,,,,,,,N,,,,,,,,,,N,,,,,,,,,,N,,,,,,,,,,N,,,Normal,,,,,,,,,,
16,3,STOP,CC,1,3,127,0,,,N,,,,,,,,,,N,,,,,,,,,,N,,,,,,,,,,N,,,,,,,,,,N,,,,,,,,,,N,,,,,,,,,,N,,,,,,,,,,N,,,,,,,,,,N,,,,,,,,,,N,,,Normal,,,,,,,,,,
16,4,UNDO,CC,1,4,127,0,,,N,,,,,,,,,,N,,,,,,,,,,N,,,,,,,,,,N,,,,,,,,,,N,,,,,,,,,,N,,,,,,,,,,N,,,,,,,,,,N,,,,,,,,,,N,,,,,,,,,,N,,,Normal,,,,,,,,,,
16,A,HOME,Bank,,,0,,,,N,,,,,,,,,,N,,,,,,,,,,N,,,,,,,,,,N,,,,,,,,,,N,,,,,,,,,,N,,,,,,,,,,N,,,,,,,,,,N,,,,,,,,,,N,,,,,,,,,,N,,,Normal,GoTo,,,,,,,,,
16,B,PREV,Bank,,,1,,,,N,,,,,,,,,,N,,,,,,,,,,N,,,,,,,,,,N,,,,,,,,,,N,,,,,,,,,,N,,,,,,,,,,N,,,,,,,,,,N,,,,,,,,,,N,,,,,,,,,,N,,,Normal,Down,,,,,,,,,
16,C,NEXT,Bank,,,1,,,,N,,,,,,,,,,N,,,,,,,,,,N,,,,,,,,,,N,,,,,,,,,,N,,,,,,,,,,N,,,,,,,,,,N,,,,,,,,,,N,,,,,,,,,,N,,,,,,,,,,N,,,Normal,Up,,,,,,,,,
16,D,TAP,Tap,,,,,,,N,,,,,,,,,,N,,,,,,,,,,N,,,,,,,,,,N,,,,,,,,,,N,,,,,,,,,,N,,,,,,,,,,N,,,,,,,,,,N,,,,,,,,,,N,,,,,,,,,,N,,,Normal,Tap,,,,,,,,,
17,1,REC,CC,1,1,127,0,,,Y,,,,,,,,,,N,,,,,,,,,,N,,,,,,,,,,N,,,,,,,,,,N,,,,,,,,,,N,,,,,,,,,,N,,,,,,,,,,N,,,,,,,,,,N,,,,,,,,,,N,,,AlwaysOn,,,,,,,,,,
17,2,PLAY,CC,1,2,127,0,,,Y,,,,,,,,,,N,,,,,,,,,,N,,,,,,,,,,N,,,,,,,,,,N,,,,,,,,,,N,,,,,,,,,,N,,,,,,,,,,N,,,,,,,,,,N,,,,,,,,,,N,,,Normal,,,,,,,,,,
17,3,STOP,CC,1,3,127,0,,,N,,,,,,,,,,N,,,,,,,,,,N,,,,,,,,,,N,,,,,,,,,,N,,,,,,,,,,N,,,,,,,,,,N,,,,,,,,,,N,,,,,,,,,,N,,,,,,,,,,N,,,Normal,,,,,,,,,,
17,4,UNDO,CC,1,4,127,0,,,N,,,,,,,,,,N,,,,,,,,,,N,,,,,,,,,,N,,,,,,,,,,N,,,,,,,,,,N,,,,,,,,,,N,,,,,,,,,,N,,,,,,,,,,N,,,,,,,,,,N,,,Normal,,,,,,,,,,
17,A,HOME,Bank,,,0,,,,N,,,,,,,,,,N,,,,,,,,,,N,,,,,,,,,,N,,,,,,,,,,N,,,,,,,,,,N,,,,,,,,,,N,,,,,,,,,,N,,,,,,,,,,N,,,,,,,,,,N,,,Normal,GoTo,,,,,,,,,
17,B,PREV,Bank,,,1,,,,N,,,,,,,,,,N,,,,,,,,,,N,,,,,,,,,,N,,,,,,,,,,N,,,,,,,,,,N,,,,,,,,,,N,,,,,,,,,,N,,,,,,,,,,N,,,,,,,,,,N,,,Normal,Down,,,,,,,,,
17,C,NEXT,Bank,,,1,,,,N,,,,,,,,,,N,,,,,,,,,,N,,,,,,,,,,N,,,,,,,,,,N,,,,,,,,,,N,,,,,,,,,,N,,,,,,,,,,N,,,,,,,,,,N,,,,,,,,,,N,,,Normal,Up,,,,,,,,,
17,D,TAP,Tap,,,,,,,N,,,,,,,,,,N,,,,,,,,,,N,,,,,,,,,,N,,,,,,,,,,N,,,,,,,,,,N,,,,,,,,,,N,,,,,,,,,,N,,,,,,,,,,N,,,,,,,,,,N,,,Normal,Tap,,,,,,,,,
18,1,REC,CC,1,1,127,0,,,Y,,,,,,,,,,N,,,,,,,,,,N,,,,,,,,,,N,,,,,,,,,,N,,,,,,,,,,N,,,,,,,,,,N,,,,,,,,,,N,,,,,,,,,,N,,,,,,,,,,N,,,AlwaysOn,,,,,,,,,,
18,2,PLAY,CC,1,2,127,0,,,Y,,,,,,,,,,N,,,,,,,,,,N,,,,,,,,,,N,,,,,,,,,,N,,,,,,,,,,N,,,,,,,,,,N,,,,,,,,,,N,,,,,,,,,,N,,,,,,,,,,N,,,Normal,,,,,,,,,,
18,3,STOP,CC,1,3,127,0,,,N,,,,,,,,,,N,,,,,,,,,,N,,,,,,,,,,N,,,,,,,,,,N,,,,,,,,,,N,,,,,,,,,,N,,,,,,,,,,N,,,,,,,,,,N,,,,,,,,,,N,,,Normal,,,,,,,,,,
18,4,UNDO,CC,1,4,127,0,,,N,,,,,,,,,,N,,,,,,,,,,N,,,,,,,,,,N,,,,,,,,,,N,,,,,,,,,,N,,,,,,,,,,N,,,,,,,,,,N,,,,,,,,,,N,,,,,,,,,,N,,,Normal,,,,,,,,,,
18,A,HOME,Bank,,,0,,,,N,,,,,,,,,,N,,,,,,,,,,N,,,,,,,,,,N,,,,,,,,,,N,,,,,,,,,,N,,,,,,,,,,N,,,,,,,,,,N,,,,,,,,,,N,,,,,,,,,,N,,,Normal,GoTo,,,,,,,,,
18,B,PREV,Bank,,,1,,,,N,,,,,,,,,,N,,,,,,,,,,N,,,,,,,,,,N,,,,,,,,,,N,,,,,,,,,,N,,,,,,,,,,N,,,,,,,,,,N,,,,,,,,,,N,,,,,,,,,,N,,,Normal,Down,,,,,,,,,
18,C,NEXT,Bank,,,1,,,,N,,,,,,,,,,N,,,,,,,,,,N,,,,,,,,,,N,,,,,,,,,,N,,,,,,,,,,N,,,,,,,,,,N,,,,,,,,,,N,,,,,,,,,,N,,,,,,,,,,N,,,Normal,Up,,,,,,,,,
18,D,TAP,Tap,,,,,,,N,,,,,,,,,,N,,,,,,,,,,N,,,,,,,,,,N,,,,,,,,,,N,,,,,,,,,,N,,,,,,,,,,N,,,,,,,,,,N,,,,,,,,,,N,,,,,,,,,,N,,,Normal,Tap,,,,,,,,,
19,1,REC,CC,1,1,127,0,,,Y,,,,,,,,,,N,,,,,,,,,,N,,,,,,,,,,N,,,,,,,,,,N,,,,,,,,,,N,,,,,,,,,,N,,,,,,,,,,N,,,,,,,,,,N,,,,,,,,,,N,,,AlwaysOn,,,,,,,,,,
19,2,PLAY,CC,1,2,127,0,,,Y,,,,,,,,,,N,,,,,,,,,,N,,,,,,,,,,N,,,,,,,,,,N,,,,,,,,,,N,,,,,,,,,,N,,,,,,,,,,N,,,,,,,,,,N,,,,,,,,,,N,,,Normal,,,,,,,,,,
19,3,STOP,CC,1,3,127,0,,,N,,,,,,,,,,N,,,,,,,,,,N,,,,,,,,,,N,,,,,,,,,,N,,,,,,,,,,N,,,,,,,,,,N,,,,,,,,,,N,,,,,,,,,,N,,,,,,,,,,N,,,Normal,,,,,,,,,,
19,4,UNDO,CC,1,4,127,0,,,N,,,,,,,,,,N,,,,,,,,,,N,,,,,,,,,,N,,,,,,,,,,N,,,,,,,,,,N,,,,,,,,,,N,,,,,,,,,,N,,,,,,,,,,N,,,,,,,,,,N,,,Normal,,,,,,,,,,
19,A,HOME,Bank,,,0,,,,N,,,,,,,,,,N,,,,,,,,,,N,,,,,,,,,,N,,,,,,,,,,N,,,,,,,,,,N,,,,,,,,,,N,,,,,,,,,,N,,,,,,,,,,N,,,,,,,,,,N,,,Normal,GoTo,,,,,,,,,
19,B,PREV,Bank,,,1,,,,N,,,,,,,,,,N,,,,,,,,,,N,,,,,,,,,,N,,,,,,,,,,N,,,,,,,,,,N,,,,,,,,,,N,,,,,,,,,,N,,,,,,,,,,N,,,,,,,,,,N,,,Normal,Down,,,,,,,,,
19,C,NEXT,Bank,,,1,,,,N,,,,,,,,,,N,,,,,,,,,,N,,,,,,,,,,N,,,,,,,,,,N,,,,,,,,,,N,,,,,,,,,,N,,,,,,,,,,N,,,,,,,,,,N,,,,,,,,,,N,,,Normal,Up,,,,,,,,,
19,D,TAP,Tap,,,,,,,N,,,,,,,,,,N,,,,,,,,,,N,,,,,,,,,,N,,,,,,,,,,N,,,,,,,,,,N,,,,,,,,,,N,,,,,,,,,,N,,,,,,,,,,N,,,,,,,,,,N,,,Normal,Tap,,,,,,,,,
20,1,REC,CC,1,1,127,0,,,Y,,,,,,,,,,N,,,,,,,,,,N,,,,,,,,,,N,,,,,,,,,,N,,,,,,,,,,N,,,,,,,,,,N,,,,,,,,,,N,,,,,,,,,,N,,,,,,,,,,N,,,AlwaysOn,,,,,,,,,,
20,2,PLAY,CC,1,2,127,0,,,Y,,,,,,,,,,N,,,,,,,,,,N,,,,,,,,,,N,,,,,,,,,,N,,,,,,,,,,N,,,,,,,,,,N,,,,,,,,,,N,,,,,,,,,,N,,,,,,,,,,N,,,Normal,,,,,,,,,,
20,3,STOP,CC,1,3,127,0,,,N,,,,,,,,,,N,,,,,,,,,,N,,,,,,,,,,N,,,,,,,,,,N,,,,,,,,,,N,,,,,,,,,,N,,,,,,,,,,N,,,,,,,,,,N,,,,,,,,,,N,,,Normal,,,,,,,,,,
20,4,UNDO,CC,1,4,127,0,,,N,,,,,,,,,,N,,,,,,,,,,N,,,,,,,,,,N,,,,,,,,,,N,,,,,,,,,,N,,,,,,,,,,N,,,,,,,,,,N,,,,,,,,,,N,,,,,,,,,,N,,,Normal,,,,,,,,,,
20,A,HOME,Bank,,,0,,,,N,,,,,,,,,,N,,,,,,,,,,N,,,,,,,,,,N,,,,,,,,,,N,,,,,,,,,,N,,,,,,,,,,N,,,,,,,,,,N,,,,,,,,,,N,,,,,,,,,,N,,,Normal,GoTo,,,,,,,,,
20,B,PREV,Bank,,,1,,,,N,,,,,,,,,,N,,,,,,,,,,N,,,,,,,,,,N,,,,,,,,,,N,,,,,,,,,,N,,,,,,,,,,N,,,,,,,,,,N,,,,,,,,,,N,,,,,,,,,,N,,,Normal,Down,,,,,,,,,
20,C,NEXT,Bank,,,1,,,,N,,,,,,,,,,N,,,,,,,,,,N,,,,,,,,,,N,,,,,,,,,,N,,,,,,,,,,N,,,,,,,,,,N,,,,,,,,,,N,,,,,,,,,,N,,,,,,,,,,N,,,Normal,Up,,,,,,,,,
20,D,TAP,Tap,,,,,,,N,,,,,,,,,,N,,,,,,,,,,N,,,,,,,,,,N,,,,,,,,,,N,,,,,,,,,,N,,,,,,,,,,N,,,,,,,,,,N,,,,,,,,,,N,,,,,,,,,,N,,,Normal,Tap,,,,,,,,,
21,1,REC,CC,1,1,127,0,,,Y,,,,,,,,,,N,,,,,,,,,,N,,,,,,,,,,N,,,,,,,,,,N,,,,,,,,,,N,,,,,,,,,,N,,,,,,,,,,N,,,,,,,,,,N,,,,,,,,,,N,,,AlwaysOn,,,,,,,,,,
21,2,PLAY,CC,1,2,127,0,,,Y,,,,,,,,,,N,,,,,,,,,,N,,,,,,,,,,N,,,,,,,,,,N,,,,,,,,,,N,,,,,,,,,,N,,,,,,,,,,N,,,,,,,,,,N,,,,,,,,,,N,,,Normal,,,,,,,,,,
21,3,STOP,CC,1,3,127,0,,,N,,,,,,,,,,N,,,,,,,,,,N,,,,,,,,,,N,,,,,,,,,,N,,,,,,,,,,N,,,,,,,,,,N,,,,,,,,,,N,,,,,,,,,,N,,,,,,,,,,N,,,Normal,,,,,,,,,,
21,4,UNDO,CC,1,4,127,0,,,N,,,,,,,,,,N,,,,,,,,,,N,,,,,,,,,,N,,,,,,,,,,N,,,,,,,,,,N,,,,,,,,,,N,,,,,,,,,,N,,,,,,,,,,N,,,,,,,,,,N,,,Normal,,,,,,,,,,
21,A,HOME,Bank,,,0,,,,N,,,,,,,,,,N,,,,,,,,,,N,,,,,,,,,,N,,,,,,,,,,N,,,,,,,,,,N,,,,,,,,,,N,,,,,,,,,,N,,,,,,,,,,N,,,,,,,,,,N,,,Normal,GoTo,,,,,,,,,
21,B,PREV,Bank,,,1,,,,N,,,,,,,,,,N,,,,,,,,,,N,,,,,,,,,,N,,,,,,,,,,N,,,,,,,,,,N,,,,,,,,,,N,,,,,,,,,,N,,,,,,,,,,N,,,,,,,,,,N,,,Normal,Down,,,,,,,,,
21,C,NEXT,Bank,,,1,,,,N,,,,,,,,,,N,,,,,,,,,,N,,,,,,,,,,N,,,,,,,,,,N,,,,,,,,,,N,,,,,,,,,,N,,,,,,,,,,N,,,,,,,,,,N,,,,,,,,,,N,,,Normal,Up,,,,,,,,,
21,D,TAP,Tap,,,,,,,N,,,,,,,,,,N,,,,,,,,,,N,,,,,,,,,,N,,,,,,,,,,N,,,,,,,,,,N,,,,,,,,,,N,,,,,,,,,,N,,,,,,,,,,N,,,,,,,,,,N,,,Normal,Tap,,,,,,,,,
22,1,REC,CC,1,1,127,0,,,Y,,,,,,,,,,N,,,,,,,,,,N,,,,,,,,,,N,,,,,,,,,,N,,,,,,,,,,N,,,,,,,,,,N,,,,,,,,,,N,,,,,,,,,,N,,,,,,,,,,N,,,AlwaysOn,,,,,,,,,,
22,2,PLAY,CC,1,2,127,0,,,Y,,,,,,,,,,N,,,,,,,,,,N,,,,,,,,,,N,,,,,,,,,,N,,,,,,,,,,N,,,,,,,,,,N,,,,,,,,,,N,,,,,,,,,,N,,,,,,,,,,N,,,Normal,,,,,,,,,,
22,3,STOP,CC,1,3,127,0,,,N,,,,,,,,,,N,,,,,,,,,,N,,,,,,,,,,N,,,,,,,,,,N,,,,,,,,,,N,,,,,,,,,,N,,,,,,,,,,N,,,,,,,,,,N,,,,,,,,,,N,,,Normal,,,,,,,,,,
22,4,UNDO,CC,1,4,127,0,,,N,,,,,,,,,,N,,,,,,,,,,N,,,,,,,,,,N,,,,,,,,,,N,,,,,,,,,,N,,,,,,,,,,N,,,,,,,,,,N,,,,,,,,,,N,,,,,,,,,,N,,,Normal,,,,,,,,,,
22,A,HOME,Bank,,,0,,,,N,,,,,,,,,,N,,,,,,,,,,N,,,,,,,,,,N,,,,,,,,,,N,,,,,,,,,,N,,,,,,,,,,N,,,,,,,,,,N,,,,,,,,,,N,,,,,,,,,,N,,,Normal,GoTo,,,,,,,,,
22,B,PREV,Bank,,,1,,,,N,,,,,,,,,,N,,,,,,,,,,N,,,,,,,,,,N,,,,,,,,,,N,,,,,,,,,,N,,,,,,,,,,N,,,,,,,,,,N,,,,,,,,,,N,,,,,,,,,,N,,,Normal,Down,,,,,,,,,
22,C,NEXT,Bank,,,1,,,,N,,,,,,,,,,N,,,,,,,,,,N,,,,,,,,,,N,,,,,,,,,,N,,,,,,,,,,N,,,,,,,,,,N,,,,,,,,,,N,,,,,,,,,,N,,,,,,,,,,N,,,Normal,Up,,,,,,,,,
22,D,TAP,Tap,,,,,,,N,,,,,,,,,,N,,,,,,,,,,N,,,,,,,,,,N,,,,,,,,,,N,,,,,,,,,,N,,,,,,,,,,N,,,,,,,,,,N,,,,,,,,,,N,,,,,,,,,,N,,,Normal,Tap,,,,,,,,,
23,1,REC,CC,1,1,127,0,,,Y,,,,,,,,,,N,,,,,,,,,,N,,,,,,,,,,N,,,,,,,,,,N,,,,,,,,,,N,,,,,,,,,,N,,,,,,,,,,N,,,,,,,,,,N,,,,,,,,,,N,,,AlwaysOn,,,,,,,,,,
23,2,PLAY,CC,1,2,127,0,,,Y,,,,,,,,,,N,,,,,,,,,,N,,,,,,,,,,N,,,,,,,,,,N,,,,,,,,,,N,,,,,,,,,,N,,,,,,,,,,N,,,,,,,,,,N,,,,,,,,,,N,,,Normal,,,,,,,,,,
23,3,STOP,CC,1,3,127,0,,,N,,,,,,,,,,N,,,,,,,,,,N,,,,,,,,,,N,,,,,,,,,,N,,,,,,,,,,N,,,,,,,,,,N,,,,,,,,,,N,,,,,,,,,,N,,,,,,,,,,N,,,Normal,,,,,,,,,,
23,4,UNDO,CC,1,4,127,0,,,N,,,,,,,,,,N,,,,,,,,,,N,,,,,,,,,,N,,,,,,,,,,N,,,,,,,,,,N,,,,,,,,,,N,,,,,,,,,,N,,,,,,,,,,N,,,,,,,,,,N,,,Normal,,,,,,,,,,
23,A,HOME,Bank,,,0,,,,N,,,,,,,,,,N,,,,,,,,,,N,,,,,,,,,,N,,,,,,,,,,N,,,,,,,,,,N,,,,,,,,,,N,,,,,,,,,,N,,,,,,,,,,N,,,,,,,,,,N,,,Normal,GoTo,,,,,,,,,
23,B,PREV,Bank,,,1,,,,N,,,,,,,,,,N,,,,,,,,,,N,,,,,,,,,,N,,,,,,,,,,N,,,,,,,,,,N,,,,,,,,,,N,,,,,,,,,,N,,,,,,,,,,N,,,,,,,,,,N,,,Normal,Down,,,,,,,,,
23,C,NEXT,Bank,,,1,,,,N,,,,,,,,,,N,,,,,,,,,,N,,,,,,,,,,N,,,,,,,,,,N,,,,,,,,,,N,,,,,,,,,,N,,,,,,,,,,N,,,,,,,,,,N,,,,,,,,,,N,,,Normal,Up,,,,,,,,,
23,D,TAP,Tap,,,,,,,N,,,,,,,,,,N,,,,,,,,,,N,,,,,,,,,,N,,,,,,,,,,N,,,,,,,,,,N,,,,,,,,,,N,,,,,,,,,,N,,,,,,,,,,N,,,,,,,,,,N,,,Normal,Tap,,,,,,,,,
24,1,REC,CC,1,1,127,0,,,Y,,,,,,,,,,N,,,,,,,,,,N,,,,,,,,,,N,,,,,,,,,,N,,,,,,,,,,N,,,,,,,,,,N,,,,,,,,,,N,,,,,,,,,,N,,,,,,,,,,N,,,AlwaysOn,,,,,,,,,,
24,2,PLAY,CC,1,2,127,0,,,Y,,,,,,,,,,N,,,,,,,,,,N,,,,,,,,,,N,,,,,,,,,,N,,,,,,,,,,N,,,,,,,,,,N,,,,,,,,,,N,,,,,,,,,,N,,,,,,,,,,N,,,Normal,,,,,,,,,,
24,3,STOP,CC,1,3,127,0,,,N,,,,,,,,,,N,,,,,,,,,,N,,,,,,,,,,N,,,,,,,,,,N,,,,,,,,,,N,,,,,,,,,,N,,,,,,,,,,N,,,,,,,,,,N,,,,,,,,,,N,,,Normal,,,,,,,,,,
24,4,UNDO,CC,1,4,127,0,,,N,,,,,,,,,,N,,,,,,,,,,N,,,,,,,,,,N,,,,,,,,,,N,,,,,,,,,,N,,,,,,,,,,N,,,,,,,,,,N,,,,,,,,,,N,,,,,,,,,,N,,,Normal,,,,,,,,,,
24,A,HOME,Bank,,,0,,,,N,,,,,,,,,,N,,,,,,,,,,N,,,,,,,,,,N,,,,,,,,,,N,,,,,,,,,,N,,,,,,,,,,N,,,,,,,,,,N,,,,,,,,,,N,,,,,,,,,,N,,,Normal,GoTo,,,,,,,,,
24,B,PREV,Bank,,,1,,,,N,,,,,,,,,,N,,,,,,,,,,N,,,,,,,,,,N,,,,,,,,,,N,,,,,,,,,,N,,,,,,,,,,N,,,,,,,,,,N,,,,,,,,,,N,,,,,,,,,,N,,,Normal,Down,,,,,,,,,
24,C,NEXT,Bank,,,1,,,,N,,,,,,,,,,N,,,,,,,,,,N,,,,,,,,,,N,,,,,,,,,,N,,,,,,,,,,N,,,,,,,,,,N,,,,,,,,,,N,,,,,,,,,,N,,,,,,,,,,N,,,Normal,Up,,,,,,,,,
24,D,TAP,Tap,,,,,,,N,,,,,,,,,,N,,,,,,,,,,N,,,,,,,,,,N,,,,,,,,,,N,,,,,,,,,,N,,,,,,,,,,N,,,,,,,,,,N,,,,,,,,,,N,,,,,,,,,,N,,,Normal,Tap,,,,,,,,,
25,1,REC,CC,1,1,127,0,,,Y,,,,,,,,,,N,,,,,,,,,,N,,,,,,,,,,N,,,,,,,,,,N,,,,,,,,,,N,,,,,,,,,,N,,,,,,,,,,N,,,,,,,,,,N,,,,,,,,,,N,,,AlwaysOn,,,,,,,,,,
25,2,PLAY,CC,1,2,127,0,,,Y,,,,,,,,,,N,,,,,,,,,,N,,,,,,,,,,N,,,,,,,,,,N,,,,,,,,,,N,,,,,,,,,,N,,,,,,,,,,N,,,,,,,,,,N,,,,,,,,,,N,,,Normal,,,,,,,,,,
25,3,STOP,CC,1,3,127,0,,,N,,,,,,,,,,N,,,,,,,,,,N,,,,,,,,,,N,,,,,,,,,,N,,,,,,,,,,N,,,,,,,,,,N,,,,,,,,,,N,,,,,,,,,,N,,,,,,,,,,N,,,Normal,,,,,,,,,,
25,4,UNDO,CC,1,4,127,0,,,N,,,,,,,,,,N,,,,,,,,,,N,,,,,,,,,,N,,,,,,,,,,N,,,,,,,,,,N,,,,,,,,,,N,,,,,,,,,,N,,,,,,,,,,N,,,,,,,,,,N,,,Normal,,,,,,,,,,
25,A,HOME,Bank,,,0,,,,N,,,,,,,,,,N,,,,,,,,,,N,,,,,,,,,,N,,,,,,,,,,N,,,,,,,,,,N,,,,,,,,,,N,,,,,,,,,,N,,,,,,,,,,N,,,,,,,,,,N,,,Normal,GoTo,,,,,,,,,
25,B,PREV,Bank,,,1,,,,N,,,,,,,,,,N,,,,,,,,,,N,,,,,,,,,,N,,,,,,,,,,N,,,,,,,,,,N,,,,,,,,,,N,,,,,,,,,,N,,,,,,,,,,N,,,,,,,,,,N,,,Normal,Down,,,,,,,,,
25,C,NEXT,Bank,,,1,,,,N,,,,,,,,,,N,,,,,,,,,,N,,,,,,,,,,N,,,,,,,,,,N,,,,,,,,,,N,,,,,,,,,,N,,,,,,,,,,N,,,,,,,,,,N,,,,,,,,,,N,,,Normal,Up,,,,,,,,,
25,D,TAP,Tap,,,,,,,N,,,,,,,,,,N,,,,,,,,,,N,,,,,,,,,,N,,,,,,,,,,N,,,,,,,,,,N,,,,,,,,,,N,,,,,,,,,,N,,,,,,,,,,N,,,,,,,,,,N,,,Normal,Tap,,,,,,,,,
26,1,REC,CC,1,1,127,0,,,Y,,,,,,,,,,N,,,,,,,,,,N,,,,,,,,,,N,,,,,,,,,,N,,,,,,,,,,N,,,,,,,,,,N,,,,,,,,,,N,,,,,,,,,,N,,,,,,,,,,N,,,AlwaysOn,,,,,,,,,,
26,2,PLAY,CC,1,2,127,0,,,Y,,,,,,,,,,N,,,,,,,,,,N,,,,,,,,,,N,,,,,,,,,,N,,,,,,,,,,N,,,,,,,,,,N,,,,,,,,,,N,,,,,,,,,,N,,,,,,,,,,N,,,Normal,,,,,,,,,,
26,3,STOP,CC,1,3,127,0,,,N,,,,,,,,,,N,,,,,,,,,,N,,,,,,,,,,N,,,,,,,,,,N,,,,,,,,,,N,,,,,,,,,,N,,,,,,,,,,N,,,,,,,,,,N,,,,,,,,,,N,,,Normal,,,,,,,,,,
26,4,UNDO,CC,1,4,127,0,,,N,,,,,,,,,,N,,,,,,,,,,N,,,,,,,,,,N,,,,,,,,,,N,,,,,,,,,,N,,,,,,,,,,N,,,,,,,,,,N,,,,,,,,,,N,,,,,,,,,,N,,,Normal,,,,,,,,,,
26,A,HOME,Bank,,,0,,,,N,,,,,,,,,,N,,,,,,,,,,N,,,,,,,,,,N,,,,,,,,,,N,,,,,,,,,,N,,,,,,,,,,N,,,,,,,,,,N,,,,,,,,,,N,,,,,,,,,,N,,,Normal,GoTo,,,,,,,,,
26,B,PREV,Bank,,,1,,,,N,,,,,,,,,,N,,,,,,,,,,N,,,,,,,,,,N,,,,,,,,,,N,,,,,,,,,,N,,,,,,,,,,N,,,,,,,,,,N,,,,,,,,,,N,,,,,,,,,,N,,,Normal,Down,,,,,,,,,
26,C,NEXT,Bank,,,1,,,,N,,,,,,,,,,N,,,,,,,,,,N,,,,,,,,,,N,,,,,,,,,,N,,,,,,,,,,N,,,,,,,,,,N,,,,,,,,,,N,,,,,,,,,,N,,,,,,,,,,N,,,Normal,Up,,,,,,,,,
26,D,TAP,Tap,,,,,,,N,,,,,,,,,,N,,,,,,,,,,N,,,,,,,,,,N,,,,,,,,,,N,,,,,,,,,,N,,,,,,,,,,N,,,,,,,,,,N,,,,,,,,,,N,,,,,,,,,,N,,,Normal,Tap,,,,,,,,,
27,1,REC,CC,1,1,127,0,,,Y,,,,,,,,,,N,,,,,,,,,,N,,,,,,,,,,N,,,,,,,,,,N,,,,,,,,,,N,,,,,,,,,,N,,,,,,,,,,N,,,,,,,,,,N,,,,,,,,,,N,,,AlwaysOn,,,,,,,,,,
27,2,PLAY,CC,1,2,127,0,,,Y,,,,,,,,,,N,,,,,,,,,,N,,,,,,,,,,N,,,,,,,,,,N,,,,,,,,,,N,,,,,,,,,,N,,,,,,,,,,N,,,,,,,,,,N,,,,,,,,,,N,,,Normal,,,,,,,,,,
27,3,STOP,CC,1,3,127,0,,,N,,,,,,,,,,N,,,,,,,,,,N,,,,,,,,,,N,,,,,,,,,,N,,,,,,,,,,N,,,,,,,,,,N,,,,,,,,,,N,,,,,,,,,,N,,,,,,,,,,N,,,Normal,,,,,,,,,,
27,4,UNDO,CC,1,4,127,0,,,N,,,,,,,,,,N,,,,,,,,,,N,,,,,,,,,,N,,,,,,,,,,N,,,,,,,,,,N,,,,,,,,,,N,,,,,,,,,,N,,,,,,,,,,N,,,,,,,,,,N,,,Normal,,,,,,,,,,
27,A,HOME,Bank,,,0,,,,N,,,,,,,,,,N,,,,,,,,,,N,,,,,,,,,,N,,,,,,,,,,N,,,,,,,,,,N,,,,,,,,,,N,,,,,,,,,,N,,,,,,,,,,N,,,,,,,,,,N,,,Normal,GoTo,,,,,,,,,
27,B,PREV,Bank,,,1,,,,N,,,,,,,,,,N,,,,,,,,,,N,,,,,,,,,,N,,,,,,,,,,N,,,,,,,,,,N,,,,,,,,,,N,,,,,,,,,,N,,,,,,,,,,N,,,,,,,,,,N,,,Normal,Down,,,,,,,,,
27,C,NEXT,Bank,,,1,,,,N,,,,,,,,,,N,,,,,,,,,,N,,,,,,,,,,N,,,,,,,,,,N,,,,,,,,,,N,,,,,,,,,,N,,,,,,,,,,N,,,,,,,,,,N,,,,,,,,,,N,,,Normal,Up,,,,,,,,,
27,D,TAP,Tap,,,,,,,N,,,,,,,,,,N,,,,,,,,,,N,,,,,,,,,,N,,,,,,,,,,N,,,,,,,,,,N,,,,,,,,,,N,,,,,,,,,,N,,,,,,,,,,N,,,,,,,,,,N,,,Normal,Tap,,,,,,,,,
28,1,REC,CC,1,1,127,0,,,Y,,,,,,,,,,N,,,,,,,,,,N,,,,,,,,,,N,,,,,,,,,,N,,,,,,,,,,N,,,,,,,,,,N,,,,,,,,,,N,,,,,,,,,,N,,,,,,,,,,N,,,AlwaysOn,,,,,,,,,,
28,2,PLAY,CC,1,2,127,0,,,Y,,,,,,,,,,N,,,,,,,,,,N,,,,,,,,,,N,,,,,,,,,,N,,,,,,,,,,N,,,,,,,,,,N,,,,,,,,,,N,,,,,,,,,,N,,,,,,,,,,N,,,Normal,,,,,,,,,,
28,3,STOP,CC,1,3,127,0,,,N,,,,,,,,,,N,,,,,,,,,,N,,,,,,,,,,N,,,,,,,,,,N,,,,,,,,,,N,,,,,,,,,,N,,,,,,,,,,N,,,,,,,,,,N,,,,,,,,,,N,,,Normal,,,,,,,,,,
28,4,UNDO,CC,1,4,127,0,,,N,,,,,,,,,,N,,,,,,,,,,N,,,,,,,,,,N,,,,,,,,,,N,,,,,,,,,,N,,,,,,,,,,N,,,,,,,,,,N,,,,,,,,,,N,,,,,,,,,,N,,,Normal,,,,,,,,,,
28,A,HOME,Bank,,,0,,,,N,,,,,,,,,,N,,,,,,,,,,N,,,,,,,,,,N,,,,,,,,,,N,,,,,,,,,,N,,,,,,,,,,N,,,,,,,,,,N,,,,,,,,,,N,,,,,,,,,,N,,,Normal,GoTo,,,,,,,,,
28,B,PREV,Bank,,,1,,,,N,,,,,,,,,,N,,,,,,,,,,N,,,,,,,,,,N,,,,,,,,,,N,,,,,,,,,,N,,,,,,,,,,N,,,,,,,,,,N,,,,,,,,,,N,,,,,,,,,,N,,,Normal,Down,,,,,,,,,
28,C,NEXT,Bank,,,1,,,,N,,,,,,,,,,N,,,,,,,,,,N,,,,,,,,,,N,,,,,,,,,,N,,,,,,,,,,N,,,,,,,,,,N,,,,,,,,,,N,,,,,,,,,,N,,,,,,,,,,N,,,Normal,Up,,,,,,,,,
28,D,TAP,Tap,,,,,,,N,,,,,,,,,,N,,,,,,,,,,N,,,,,,,,,,N,,,,,,,,,,N,,,,,,,,,,N,,,,,,,,,,N,,,,,,,,,,N,,,,,,,,,,N,,,,,,,,,,N,,,Normal,Tap,,,,,,,,,
29,1,REC,CC,1,1,127,0,,,Y,,,,,,,,,,N,,,,,,,,,,N,,,,,,,,,,N,,,,,,,,,,N,,,,,,,,,,N,,,,,,,,,,N,,,,,,,,,,N,,,,,,,,,,N,,,,,,,,,,N,,,AlwaysOn,,,,,,,,,,
29,2,PLAY,CC,1,2,127,0,,,Y,,,,,,,,,,N,,,,,,,,,,N,,,,,,,,,,N,,,,,,,,,,N,,,,,,,,,,N,,,,,,,,,,N,,,,,,,,,,N,,,,,,,,,,N,,,,,,,,,,N,,,Normal,,,,,,,,,,
29,3,STOP,CC,1,3,127,0,,,N,,,,,,,,,,N,,,,,,,,,,N,,,,,,,,,,N,,,,,,,,,,N,,,,,,,,,,N,,,,,,,,,,N,,,,,,,,,,N,,,,,,,,,,N,,,,,,,,,,N,,,Normal,,,,,,,,,,
29,4,UNDO,CC,1,4,127,0,,,N,,,,,,,,,,N,,,,,,,,,,N,,,,,,,,,,N,,,,,,,,,,N,,,,,,,,,,N,,,,,,,,,,N,,,,,,,,,,N,,,,,,,,,,N,,,,,,,,,,N,,,Normal,,,,,,,,,,
29,A,HOME,Bank,,,0,,,,N,,,,,,,,,,N,,,,,,,,,,N,,,,,,,,,,N,,,,,,,,,,N,,,,,,,,,,N,,,,,,,,,,N,,,,,,,,,,N,,,,,,,,,,N,,,,,,,,,,N,,,Normal,GoTo,,,,,,,,,
29,B,PREV,Bank,,,1,,,,N,,,,,,,,,,N,,,,,,,,,,N,,,,,,,,,,N,,,,,,,,,,N,,,,,,,,,,N,,,,,,,,,,N,,,,,,,,,,N,,,,,,,,,,N,,,,,,,,,,N,,,Normal,Down,,,,,,,,,
29,C,NEXT,Bank,,,1,,,,N,,,,,,,,,,N,,,,,,,,,,N,,,,,,,,,,N,,,,,,,,,,N,,,,,,,,,,N,,,,,,,,,,N,,,,,,,,,,N,,,,,,,,,,N,,,,,,,,,,N,,,Normal,Up,,,,,,,,,
29,D,TAP,Tap,,,,,,,N,,,,,,,,,,N,,,,,,,,,,N,,,,,,,,,,N,,,,,,,,,,N,,,,,,,,,,N,,,,,,,,,,N,,,,,,,,,,N,,,,,,,,,,N,,,,,,,,,,N,,,Normal,Tap,,,,,,,,,
30,1,REC,CC,1,1,127,0,,,Y,,,,,,,,,,N,,,,,,,,,,N,,,,,,,,,,N,,,,,,,,,,N,,,,,,,,,,N,,,,,,,,,,N,,,,,,,,,,N,,,,,,,,,,N,,,,,,,,,,N,,,AlwaysOn,,,,,,,,,,
30,2,PLAY,CC,1,2,127,0,,,Y,,,,,,,,,,N,,,,,,,,,,N,,,,,,,,,,N,,,,,,,,,,N,,,,,,,,,,N,,,,,,,,,,N,,,,,,,,,,N,,,,,,,,,,N,,,,,,,,,,N,,,Normal,,,,,,,,,,
30,3,STOP,CC,1,3,127,0,,,N,,,,,,,,,,N,,,,,,,,,,N,,,,,,,,,,N,,,,,,,,,,N,,,,,,,,,,N,,,,,,,,,,N,,,,,,,,,,N,,,,,,,,,,N,,,,,,,,,,N,,,Normal,,,,,,,,,,
30,4,UNDO,CC,1,4,127,0,,,N,,,,,,,,,,N,,,,,,,,,,N,,,,,,,,,,N,,,,,,,,,,N,,,,,,,,,,N,,,,,,,,,,N,,,,,,,,,,N,,,,,,,,,,N,,,,,,,,,,N,,,Normal,,,,,,,,,,
30,A,HOME,Bank,,,0,,,,N,,,,,,,,,,N,,,,,,,,,,N,,,,,,,,,,N,,,,,,,,,,N,,,,,,,,,,N,,,,,,,,,,N,,,,,,,,,,N,,,,,,,,,,N,,,,,,,,,,N,,,Normal,GoTo,,,,,,,,,
30,B,PREV,Bank,,,1,,,,N,,,,,,,,,,N,,,,,,,,,,N,,,,,,,,,,N,,,,,,,,,,N,,,,,,,,,,N,,,,,,,,,,N,,,,,,,,,,N,,,,,,,,,,N,,,,,,,,,,N,,,Normal,Down,,,,,,,,,
30,C,NEXT,Bank,,,1,,,,N,,,,,,,,,,N,,,,,,,,,,N,,,,,,,,,,N,,,,,,,,,,N,,,,,,,,,,N,,,,,,,,,,N,,,,,,,,,,N,,,,,,,,,,N,,,,,,,,,,N,,,Normal,Up,,,,,,,,,
30,D,TAP,Tap,,,,,,,N,,,,,,,,,,N,,,,,,,,,,N,,,,,,,,,,N,,,,,,,,,,N,,,,,,,,,,N,,,,,,,,,,N,,,,,,,,,,N,,,,,,,,,,N,,,,,,,,,,N,,,Normal,Tap,,,,,,,,,
31,1,REC,CC,1,1,127,0,,,Y,,,,,,,,,,N,,,,,,,,,,N,,,,,,,,,,N,,,,,,,,,,N,,,,,,,,,,N,,,,,,,,,,N,,,,,,,,,,N,,,,,,,,,,N,,,,,,,,,,N,,,AlwaysOn,,,,,,,,,,
31,2,PLAY,CC,1,2,127,0,,,Y,,,,,,,,,,N,,,,,,,,,,N,,,,,,,,,,N,,,,,,,,,,N,,,,,,,,,,N,,,,,,,,,,N,,,,,,,,,,N,,,,,,,,,,N,,,,,,,,,,N,,,Normal,,,,,,,,,,
31,3,STOP,CC,1,3,127,0,,,N,,,,,,,,,,N,,,,,,,,,,N,,,,,,,,,,N,,,,,,,,,,N,,,,,,,,,,N,,,,,,,,,,N,,,,,,,,,,N,,,,,,,,,,N,,,,,,,,,,N,,,Normal,,,,,,,,,,
31,4,UNDO,CC,1,4,127,0,,,N,,,,,,,,,,N,,,,,,,,,,N,,,,,,,,,,N,,,,,,,,,,N,,,,,,,,,,N,,,,,,,,,,N,,,,,,,,,,N,,,,,,,,,,N,,,,,,,,,,N,,,Normal,,,,,,,,,,
31,A,HOME,Bank,,,0,,,,N,,,,,,,,,,N,,,,,,,,,,N,,,,,,,,,,N,,,,,,,,,,N,,,,,,,,,,N,,,,,,,,,,N,,,,,,,,,,N,,,,,,,,,,N,,,,,,,,,,N,,,Normal,GoTo,,,,,,,,,
31,B,PREV,Bank,,,1,,,,N,,,,,,,,,,N,,,,,,,,,,N,,,,,,,,,,N,,,,,,,,,,N,,,,,,,,,,N,,,,,,,,,,N,,,,,,,,,,N,,,,,,,,,,N,,,,,,,,,,N,,,Normal,Down,,,,,,,,,
31,C,NEXT,Bank,,,1,,,,N,,,,,,,,,,N,,,,,,,,,,N,,,,,,,,,,N,,,,,,,,,,N,,,,,,,,,,N,,,,,,,,,,N,,,,,,,,,,N,,,,,,,,,,N,,,,,,,,,,N,,,Normal,Up,,,,,,,,,
31,D,TAP,Tap,,,,,,,N,,,,,,,,,,N,,,,,,,,,,N,,,,,,,,,,N,,,,,,,,,,N,,,,,,,,,,N,,,,,,,,,,N,,,,,,,,,,N,,,,,,,,,,N,,,,,,,,,,N,,,Normal,Tap,,,,,,,,,
,,,,,,,,,,,,,,,,,,,,,,,,,,,,,,,,,,,,,,,,,,,,,,,,,,
* LongPress_Settings,,,,,,,,,,,,,,,,,,,,,,,,,,,,,,,,,,,,,,,,,,,,,,,,,,
Bank_Number,Button_Identifier,A_CommandType,A_Channel_(PC/CC/Note/PB),A_Number_(PC/CC/Note),A_OnValue_(CC/PB),A_OffValue_(CC),A_BankSelect_(PC),A_BankSelectHighByte_(PC),A_Toggle_(CC/PB/Note),A_Velocity_(Note),A_Duration_(Note/PB),A_KeyMode_(Key),B_CommandType,B_Channel_(PC/CC/Note/PB),B_Number_(PC/CC/Note),B_OnValue_(CC/PB),B_OffValue_(CC),B_BankSelect_(PC),B_BankSelectHighByte_(PC),B_Toggle_(CC/PB/Note),B_Velocity_(Note),B_Duration_(Note/PB),B_KeyMode_(Key),C_CommandType,C_Channel_(PC/CC/Note/PB),C_Number_(PC/CC/Note),C_OnValue_(CC/PB),C_OffValue_(CC),C_BankSelect_(PC),C_BankSelectHighByte_(PC),C_Toggle_(CC/PB/Note),C_Velocity_(Note),C_Duration_(Note/PB),C_KeyMode_(Key),D_CommandType,D_Channel_(PC/CC/Note/PB),D_Number_(PC/CC/Note),D_OnValue_(CC/PB),D_OffValue_(CC),D_BankSelect_(PC),D_BankSelectHighByte_(PC),D_Toggle_(CC/PB/Note),D_Velocity_(Note),D_Duration_(Note/PB),D_KeyMode_(Key),E_CommandType,E_Channel_(PC/CC/Note/PB),E_Number_(PC/CC/Note),E_OnValue_(CC/PB),E_OffValue_(CC),E_BankSelect_(PC),E_BankSelectHighByte_(PC),E_Toggle_(CC/PB/Note),E_Velocity_(Note),E_Duration_(Note/PB),E_KeyMode_(Key),F_CommandType,F_Channel_(PC/CC/Note/PB),F_Number_(PC/CC/Note),F_OnValue_(CC/PB),F_OffValue_(CC),F_BankSelect_(PC),F_BankSelectHighByte_(PC),F_Toggle_(CC/PB/Note),F_Velocity_(Note),F_Duration_(Note/PB),F_KeyMode_(Key),G_CommandType,G_Channel_(PC/CC/Note/PB),G_Number_(PC/CC/Note),G_OnValue_(CC/PB),G_OffValue_(CC),G_BankSelect_(PC),G_BankSelectHighByte_(PC),G_Toggle_(CC/PB/Note),G_Velocity_(Note),G_Duration_(Note/PB),G_KeyMode_(Key),H_CommandType,H_Channel_(PC/CC/Note/PB),H_Number_(PC/CC/Note),H_OnValue_(CC/PB),H_OffValue_(CC),H_BankSelect_(PC),H_BankSelectHighByte_(PC),H_Toggle_(CC/PB/Note),H_Velocity_(Note),H_Duration_(Note/PB),H_KeyMode_(Key),I_CommandType,I_Channel_(PC/CC/Note/PB),I_Number_(PC/CC/Note),I_OnValue_(CC/PB),I_OffValue_(CC),I_BankSelect_(PC),I_BankSelectHighByte_(PC),I_Toggle_(CC/PB/Note),I_Velocity_(Note),I_Duration_(Note/PB),I_KeyMode_(Key),J_CommandType,J_Channel_(PC/CC/Note/PB),J_Number_(PC/CC/Note),J_OnValue_(CC/PB),J_OffValue_(CC),J_BankSelect_(PC),J_BankSelectHighByte_(PC),J_Toggle_(CC/PB/Note),J_Velocity_(Note),J_Duration_(Note/PB),J_KeyMode_(Key)
0,1,,,,,,,,N,,,,,,,,,,,N,,,,,,,,,,,N,,,,,,,,,,,N,,,,,,,,,,,N,,,,,,,,,,,N,,,,,,,,,,,N,,,,,,,,,,,N,,,,,,,,,,,N,,,,,,,,,,,N,,,
0,2,,,,,,,,N,,,,,,,,,,,N,,,,,,,,,,,N,,,,,,,,,,,N,,,,,,,,,,,N,,,,,,,,,,,N,,,,,,,,,,,N,,,,,,,,,,,N,,,,,,,,,,,N,,,,,,,,,,,N,,,
0,3,,,,,,,,N,,,,,,,,,,,N,,,,,,,,,,,N,,,,,,,,,,,N,,,,,,,,,,,N,,,,,,,,,,,N,,,,,,,,,,,N,,,,,,,,,,,N,,,,,,,,,,,N,,,,,,,,,,,N,,,
0,4,,,,,,,,N,,,,,,,,,,,N,,,,,,,,,,,N,,,,,,,,,,,N,,,,,,,,,,,N,,,,,,,,,,,N,,,,,,,,,,,N,,,,,,,,,,,N,,,,,,,,,,,N,,,,,,,,,,,N,,,
0,A,,,,,,,,N,,,,,,,,,,,N,,,,,,,,,,,N,,,,,,,,,,,N,,,,,,,,,,,N,,,,,,,,,,,N,,,,,,,,,,,N,,,,,,,,,,,N,,,,,,,,,,,N,,,,,,,,,,,N,,,
0,B,,,,,,,,N,,,,,,,,,,,N,,,,,,,,,,,N,,,,,,,,,,,N,,,,,,,,,,,N,,,,,,,,,,,N,,,,,,,,,,,N,,,,,,,,,,,N,,,,,,,,,,,N,,,,,,,,,,,N,,,
0,C,,,,,,,,N,,,,,,,,,,,N,,,,,,,,,,,N,,,,,,,,,,,N,,,,,,,,,,,N,,,,,,,,,,,N,,,,,,,,,,,N,,,,,,,,,,,N,,,,,,,,,,,N,,,,,,,,,,,N,,,
0,D,Bank,,,20,,,,N,,,GoTo,,,,,,,,N,,,,,,,,,,,N,,,,,,,,,,,N,,,,,,,,,,,N,,,,,,,,,,,N,,,,,,,,,,,N,,,,,,,,,,,N,,,,,,,,,,,N,,,,,,,,,,,N,,,
1,1,,,,,,,,N,,,,,,,,,,,N,,,,,,,,,,,N,,,,,,,,,,,N,,,,,,,,,,,N,,,,,,,,,,,N,,,,,,,,,,,N,,,,,,,,,,,N,,,,,,,,,,,N,,,,,,,,,,,N,,,
1,2,,,,,,,,N,,,,,,,,,,,N,,,,,,,,,,,N,,,,,,,,,,,N,,,,,,,,,,,N,,,,,,,,,,,N,,,,,,,,,,,N,,,,,,,,,,,N,,,,,,,,,,,N,,,,,,,,,,,N,,,
1,3,,,,,,,,N,,,,,,,,,,,N,,,,,,,,,,,N,,,,,,,,,,,N,,,,,,,,,,,N,,,,,,,,,,,N,,,,,,,,,,,N,,,,,,,,,,,N,,,,,,,,,,,N,,,,,,,,,,,N,,,
1,4,CC,1,5,127,0,,,N,,,,,,,,,,,N,,,,,,,,,,,N,,,,,,,,,,,N,,,,,,,,,,,N,,,,,,,,,,,N,,,,,,,,,,,N,,,,,,,,,,,N,,,,,,,,,,,N,,,,,,,,,,,N,,,
1,A,,,,,,,,N,,,,,,,,,,,N,,,,,,,,,,,N,,,,,,,,,,,N,,,,,,,,,,,N,,,,,,,,,,,N,,,,,,,,,,,N,,,,,,,,,,,N,,,,,,,,,,,N,,,,,,,,,,,N,,,
1,B,,,,,,,,N,,,,,,,,,,,N,,,,,,,,,,,N,,,,,,,,,,,N,,,,,,,,,,,N,,,,,,,,,,,N,,,,,,,,,,,N,,,,,,,,,,,N,,,,,,,,,,,N,,,,,,,,,,,N,,,
1,C,,,,,,,,N,,,,,,,,,,,N,,,,,,,,,,,N,,,,,,,,,,,N,,,,,,,,,,,N,,,,,,,,,,,N,,,,,,,,,,,N,,,,,,,,,,,N,,,,,,,,,,,N,,,,,,,,,,,N,,,
1,D,,,,,,,,N,,,,,,,,,,,N,,,,,,,,,,,N,,,,,,,,,,,N,,,,,,,,,,,N,,,,,,,,,,,N,,,,,,,,,,,N,,,,,,,,,,,N,,,,,,,,,,,N,,,,,,,,,,,N,,,
2,1,,,,,,,,N,,,,,,,,,,,N,,,,,,,,,,,N,,,,,,,,,,,N,,,,,,,,,,,N,,,,,,,,,,,N,,,,,,,,,,,N,,,,,,,,,,,N,,,,,,,,,,,N,,,,,,,,,,,N,,,
2,2,,,,,,,,N,,,,,,,,,,,N,,,,,,,,,,,N,,,,,,,,,,,N,,,,,,,,,,,N,,,,,,,,,,,N,,,,,,,,,,,N,,,,,,,,,,,N,,,,,,,,,,,N,,,,,,,,,,,N,,,
2,3,,,,,,,,N,,,,,,,,,,,N,,,,,,,,,,,N,,,,,,,,,,,N,,,,,,,,,,,N,,,,,,,,,,,N,,,,,,,,,,,N,,,,,,,,,,,N,,,,,,,,,,,N,,,,,,,,,,,N,,,
2,4,,,,,,,,N,,,,,,,,,,,N,,,,,,,,,,,N,,,,,,,,,,,N,,,,,,,,,,,N,,,,,,,,,,,N,,,,,,,,,,,N,,,,,,,,,,,N,,,,,,,,,,,N,,,,,,,,,,,N,,,
2,A,,,,,,,,N,,,,,,,,,,,N,,,,,,,,,,,N,,,,,,,,,,,N,,,,,,,,,,,N,,,,,,,,,,,N,,,,,,,,,,,N,,,,,,,,,,,N,,,,,,,,,,,N,,,,,,,,,,,N,,,
2,B,,,,,,,,N,,,,,,,,,,,N,,,,,,,,,,,N,,,,,,,,,,,N,,,,,,,,,,,N,,,,,,,,,,,N,,,,,,,,,,,N,,,,,,,,,,,N,,,,,,,,,,,N,,,,,,,,,,,N,,,
2,C,,,,,,,,N,,,,,,,,,,,N,,,,,,,,,,,N,,,,,,,,,,,N,,,,,,,,,,,N,,,,,,,,,,,N,,,,,,,,,,,N,,,,,,,,,,,N,,,,,,,,,,,N,,,,,,,,,,,N,,,
2,D,,,,,,,,N,,,,,,,,,,,N,,,,,,,,,,,N,,,,,,,,,,,N,,,,,,,,,,,N,,,,,,,,,,,N,,,,,,,,,,,N,,,,,,,,,,,N,,,,,,,,,,,N,,,,,,,,,,,N,,,
3,1,,,,,,,,N,,,,,,,,,,,N,,,,,,,,,,,N,,,,,,,,,,,N,,,,,,,,,,,N,,,,,,,,,,,N,,,,,,,,,,,N,,,,,,,,,,,N,,,,,,,,,,,N,,,,,,,,,,,N,,,
3,2,,,,,,,,N,,,,,,,,,,,N,,,,,,,,,,,N,,,,,,,,,,,N,,,,,,,,,,,N,,,,,,,,,,,N,,,,,,,,,,,N,,,,,,,,,,,N,,,,,,,,,,,N,,,,,,,,,,,N,,,
3,3,,,,,,,,N,,,,,,,,,,,N,,,,,,,,,,,N,,,,,,,,,,,N,,,,,,,,,,,N,,,,,,,,,,,N,,,,,,,,,,,N,,,,,,,,,,,N,,,,,,,,,,,N,,,,,,,,,,,N,,,
3,4,,,,,,,,N,,,,,,,,,,,N,,,,,,,,,,,N,,,,,,,,,,,N,,,,,,,,,,,N,,,,,,,,,,,N,,,,,,,,,,,N,,,,,,,,,,,N,,,,,,,,,,,N,,,,,,,,,,,N,,,
3,A,,,,,,,,N,,,,,,,,,,,N,,,,,,,,,,,N,,,,,,,,,,,N,,,,,,,,,,,N,,,,,,,,,,,N,,,,,,,,,,,N,,,,,,,,,,,N,,,,,,,,,,,N,,,,,,,,,,,N,,,
3,B,,,,,,,,N,,,,,,,,,,,N,,,,,,,,,,,N,,,,,,,,,,,N,,,,,,,,,,,N,,,,,,,,,,,N,,,,,,,,,,,N,,,,,,,,,,,N,,,,,,,,,,,N,,,,,,,,,,,N,,,
3,C,,,,,,,,N,,,,,,,,,,,N,,,,,,,,,,,N,,,,,,,,,,,N,,,,,,,,,,,N,,,,,,,,,,,N,,,,,,,,,,,N,,,,,,,,,,,N,,,,,,,,,,,N,,,,,,,,,,,N,,,
3,D,,,,,,,,N,,,,,,,,,,,N,,,,,,,,,,,N,,,,,,,,,,,N,,,,,,,,,,,N,,,,,,,,,,,N,,,,,,,,,,,N,,,,,,,,,,,N,,,,,,,,,,,N,,,,,,,,,,,N,,,
4,1,,,,,,,,N,,,,,,,,,,,N,,,,,,,,,,,N,,,,,,,,,,,N,,,,,,,,,,,N,,,,,,,,,,,N,,,,,,,,,,,N,,,,,,,,,,,N,,,,,,,,,,,N,,,,,,,,,,,N,,,
4,2,,,,,,,,N,,,,,,,,,,,N,,,,,,,,,,,N,,,,,,,,,,,N,,,,,,,,,,,N,,,,,,,,,,,N,,,,,,,,,,,N,,,,,,,,,,,N,,,,,,,,,,,N,,,,,,,,,,,N,,,
4,3,,,,,,,,N,,,,,,,,,,,N,,,,,,,,,,,N,,,,,,,,,,,N,,,,,,,,,,,N,,,,,,,,,,,N,,,,,,,,,,,N,,,,,,,,,,,N,,,,,,,,,,,N,,,,,,,,,,,N,,,
4,4,,,,,,,,N,,,,,,,,,,,N,,,,,,,,,,,N,,,,,,,,,,,N,,,,,,,,,,,N,,,,,,,,,,,N,,,,,,,,,,,N,,,,,,,,,,,N,,,,,,,,,,,N,,,,,,,,,,,N,,,
4,A,,,,,,,,N,,,,,,,,,,,N,,,,,,,,,,,N,,,,,,,,,,,N,,,,,,,,,,,N,,,,,,,,,,,N,,,,,,,,,,,N,,,,,,,,,,,N,,,,,,,,,,,N,,,,,,,,,,,N,,,
4,B,,,,,,,,N,,,,,,,,,,,N,,,,,,,,,,,N,,,,,,,,,,,N,,,,,,,,,,,N,,,,,,,,,,,N,,,,,,,,,,,N,,,,,,,,,,,N,,,,,,,,,,,N,,,,,,,,,,,N,,,
4,C,,,,,,,,N,,,,,,,,,,,N,,,,,,,,,,,N,,,,,,,,,,,N,,,,,,,,,,,N,,,,,,,,,,,N,,,,,,,,,,,N,,,,,,,,,,,N,,,,,,,,,,,N,,,,,,,,,,,N,,,
4,D,,,,,,,,N,,,,,,,,,,,N,,,,,,,,,,,N,,,,,,,,,,,N,,,,,,,,,,,N,,,,,,,,,,,N,,,,,,,,,,,N,,,,,,,,,,,N,,,,,,,,,,,N,,,,,,,,,,,N,,,
5,1,,,,,,,,N,,,,,,,,,,,N,,,,,,,,,,,N,,,,,,,,,,,N,,,,,,,,,,,N,,,,,,,,,,,N,,,,,,,,,,,N,,,,,,,,,,,N,,,,,,,,,,,N,,,,,,,,,,,N,,,
5,2,,,,,,,,N,,,,,,,,,,,N,,,,,,,,,,,N,,,,,,,,,,,N,,,,,,,,,,,N,,,,,,,,,,,N,,,,,,,,,,,N,,,,,,,,,,,N,,,,,,,,,,,N,,,,,,,,,,,N,,,
5,3,,,,,,,,N,,,,,,,,,,,N,,,,,,,,,,,N,,,,,,,,,,,N,,,,,,,,,,,N,,,,,,,,,,,N,,,,,,,,,,,N,,,,,,,,,,,N,,,,,,,,,,,N,,,,,,,,,,,N,,,
5,4,,,,,,,,N,,,,,,,,,,,N,,,,,,,,,,,N,,,,,,,,,,,N,,,,,,,,,,,N,,,,,,,,,,,N,,,,,,,,,,,N,,,,,,,,,,,N,,,,,,,,,,,N,,,,,,,,,,,N,,,
5,A,,,,,,,,N,,,,,,,,,,,N,,,,,,,,,,,N,,,,,,,,,,,N,,,,,,,,,,,N,,,,,,,,,,,N,,,,,,,,,,,N,,,,,,,,,,,N,,,,,,,,,,,N,,,,,,,,,,,N,,,
5,B,,,,,,,,N,,,,,,,,,,,N,,,,,,,,,,,N,,,,,,,,,,,N,,,,,,,,,,,N,,,,,,,,,,,N,,,,,,,,,,,N,,,,,,,,,,,N,,,,,,,,,,,N,,,,,,,,,,,N,,,
5,C,,,,,,,,N,,,,,,,,,,,N,,,,,,,,,,,N,,,,,,,,,,,N,,,,,,,,,,,N,,,,,,,,,,,N,,,,,,,,,,,N,,,,,,,,,,,N,,,,,,,,,,,N,,,,,,,,,,,N,,,
5,D,,,,,,,,N,,,,,,,,,,,N,,,,,,,,,,,N,,,,,,,,,,,N,,,,,,,,,,,N,,,,,,,,,,,N,,,,,,,,,,,N,,,,,,,,,,,N,,,,,,,,,,,N,,,,,,,,,,,N,,,
6,1,,,,,,,,N,,,,,,,,,,,N,,,,,,,,,,,N,,,,,,,,,,,N,,,,,,,,,,,N,,,,,,,,,,,N,,,,,,,,,,,N,,,,,,,,,,,N,,,,,,,,,,,N,,,,,,,,,,,N,,,
6,2,,,,,,,,N,,,,,,,,,,,N,,,,,,,,,,,N,,,,,,,,,,,N,,,,,,,,,,,N,,,,,,,,,,,N,,,,,,,,,,,N,,,,,,,,,,,N,,,,,,,,,,,N,,,,,,,,,,,N,,,
6,3,,,,,,,,N,,,,,,,,,,,N,,,,,,,,,,,N,,,,,,,,,,,N,,,,,,,,,,,N,,,,,,,,,,,N,,,,,,,,,,,N,,,,,,,,,,,N,,,,,,,,,,,N,,,,,,,,,,,N,,,
6,4,,,,,,,,N,,,,,,,,,,,N,,,,,,,,,,,N,,,,,,,,,,,N,,,,,,,,,,,N,,,,,,,,,,,N,,,,,,,,,,,N,,,,,,,,,,,N,,,,,,,,,,,N,,,,,,,,,,,N,,,
6,A,,,,,,,,N,,,,,,,,,,,N,,,,,,,,,,,N,,,,,,,,,,,N,,,,,,,,,,,N,,,,,,,,,,,N,,,,,,,,,,,N,,,,,,,,,,,N,,,,,,,,,,,N,,,,,,,,,,,N,,,
6,B,,,,,,,,N,,,,,,,,,,,N,,,,,,,,,,,N,,,,,,,,,,,N,,,,,,,,,,,N,,,,,,,,,,,N,,,,,,,,,,,N,,,,,,,,,,,N,,,,,,,,,,,N,,,,,,,,,,,N,,,
6,C,,,,,,,,N,,,,,,,,,,,N,,,,,,,,,,,N,,,,,,,,,,,N,,,,,,,,,,,N,,,,,,,,,,,N,,,,,,,,,,,N,,,,,,,,,,,N,,,,,,,,,,,N,,,,,,,,,,,N,,,
6,D,,,,,,,,N,,,,,,,,,,,N,,,,,,,,,,,N,,,,,,,,,,,N,,,,,,,,,,,N,,,,,,,,,,,N,,,,,,,,,,,N,,,,,,,,,,,N,,,,,,,,,,,N,,,,,,,,,,,N,,,
7,1,,,,,,,,N,,,,,,,,,,,N,,,,,,,,,,,N,,,,,,,,,,,N,,,,,,,,,,,N,,,,,,,,,,,N,,,,,,,,,,,N,,,,,,,,,,,N,,,,,,,,,,,N,,,,,,,,,,,N,,,
7,2,,,,,,,,N,,,,,,,,,,,N,,,,,,,,,,,N,,,,,,,,,,,N,,,,,,,,,,,N,,,,,,,,,,,N,,,,,,,,,,,N,,,,,,,,,,,N,,,,,,,,,,,N,,,,,,,,,,,N,,,
7,3,,,,,,,,N,,,,,,,,,,,N,,,,,,,,,,,N,,,,,,,,,,,N,,,,,,,,,,,N,,,,,,,,,,,N,,,,,,,,,,,N,,,,,,,,,,,N,,,,,,,,,,,N,,,,,,,,,,,N,,,
7,4,,,,,,,,N,,,,,,,,,,,N,,,,,,,,,,,N,,,,,,,,,,,N,,,,,,,,,,,N,,,,,,,,,,,N,,,,,,,,,,,N,,,,,,,,,,,N,,,,,,,,,,,N,,,,,,,,,,,N,,,
7,A,,,,,,,,N,,,,,,,,,,,N,,,,,,,,,,,N,,,,,,,,,,,N,,,,,,,,,,,N,,,,,,,,,,,N,,,,,,,,,,,N,,,,,,,,,,,N,,,,,,,,,,,N,,,,,,,,,,,N,,,
7,B,,,,,,,,N,,,,,,,,,,,N,,,,,,,,,,,N,,,,,,,,,,,N,,,,,,,,,,,N,,,,,,,,,,,N,,,,,,,,,,,N,,,,,,,,,,,N,,,,,,,,,,,N,,,,,,,,,,,N,,,
7,C,,,,,,,,N,,,,,,,,,,,N,,,,,,,,,,,N,,,,,,,,,,,N,,,,,,,,,,,N,,,,,,,,,,,N,,,,,,,,,,,N,,,,,,,,,,,N,,,,,,,,,,,N,,,,,,,,,,,N,,,
7,D,,,,,,,,N,,,,,,,,,,,N,,,,,,,,,,,N,,,,,,,,,,,N,,,,,,,,,,,N,,,,,,,,,,,N,,,,,,,,,,,N,,,,,,,,,,,N,,,,,,,,,,,N,,,,,,,,,,,N,,,
8,1,,,,,,,,N,,,,,,,,,,,N,,,,,,,,,,,N,,,,,,,,,,,N,,,,,,,,,,,N,,,,,,,,,,,N,,,,,,,,,,,N,,,,,,,,,,,N,,,,,,,,,,,N,,,,,,,,,,,N,,,
8,2,,,,,,,,N,,,,,,,,,,,N,,,,,,,,,,,N,,,,,,,,,,,N,,,,,,,,,,,N,,,,,,,,,,,N,,,,,,,,,,,N,,,,,,,,,,,N,,,,,,,,,,,N,,,,,,,,,,,N,,,
8,3,,,,,,,,N,,,,,,,,,,,N,,,,,,,,,,,N,,,,,,,,,,,N,,,,,,,,,,,N,,,,,,,,,,,N,,,,,,,,,,,N,,,,,,,,,,,N,,,,,,,,,,,N,,,,,,,,,,,N,,,
8,4,,,,,,,,N,,,,,,,,,,,N,,,,,,,,,,,N,,,,,,,,,,,N,,,,,,,,,,,N,,,,,,,,,,,N,,,,,,,,,,,N,,,,,,,,,,,N,,,,,,,,,,,N,,,,,,,,,,,N,,,
8,A,,,,,,,,N,,,,,,,,,,,N,,,,,,,,,,,N,,,,,,,,,,,N,,,,,,,,,,,N,,,,,,,,,,,N,,,,,,,,,,,N,,,,,,,,,,,N,,,,,,,,,,,N,,,,,,,,,,,N,,,
8,B,,,,,,,,N,,,,,,,,,,,N,,,,,,,,,,,N,,,,,,,,,,,N,,,,,,,,,,,N,,,,,,,,,,,N,,,,,,,,,,,N,,,,,,,,,,,N,,,,,,,,,,,N,,,,,,,,,,,N,,,
8,C,,,,,,,,N,,,,,,,,,,,N,,,,,,,,,,,N,,,,,,,,,,,N,,,,,,,,,,,N,,,,,,,,,,,N,,,,,,,,,,,N,,,,,,,,,,,N,,,,,,,,,,,N,,,,,,,,,,,N,,,
8,D,,,,,,,,N,,,,,,,,,,,N,,,,,,,,,,,N,,,,,,,,,,,N,,,,,,,,,,,N,,,,,,,,,,,N,,,,,,,,,,,N,,,,,,,,,,,N,,,,,,,,,,,N,,,,,,,,,,,N,,,
9,1,,,,,,,,N,,,,,,,,,,,N,,,,,,,,,,,N,,,,,,,,,,,N,,,,,,,,,,,N,,,,,,,,,,,N,,,,,,,,,,,N,,,,,,,,,,,N,,,,,,,,,,,N,,,,,,,,,,,N,,,
9,2,,,,,,,,N,,,,,,,,,,,N,,,,,,,,,,,N,,,,,,,,,,,N,,,,,,,,,,,N,,,,,,,,,,,N,,,,,,,,,,,N,,,,,,,,,,,N,,,,,,,,,,,N,,,,,,,,,,,N,,,
9,3,,,,,,,,N,,,,,,,,,,,N,,,,,,,,,,,N,,,,,,,,,,,N,,,,,,,,,,,N,,,,,,,,,,,N,,,,,,,,,,,N,,,,,,,,,,,N,,,,,,,,,,,N,,,,,,,,,,,N,,,
9,4,,,,,,,,N,,,,,,,,,,,N,,,,,,,,,,,N,,,,,,,,,,,N,,,,,,,,,,,N,,,,,,,,,,,N,,,,,,,,,,,N,,,,,,,,,,,N,,,,,,,,,,,N,,,,,,,,,,,N,,,
9,A,,,,,,,,N,,,,,,,,,,,N,,,,,,,,,,,N,,,,,,,,,,,N,,,,,,,,,,,N,,,,,,,,,,,N,,,,,,,,,,,N,,,,,,,,,,,N,,,,,,,,,,,N,,,,,,,,,,,N,,,
9,B,,,,,,,,N,,,,,,,,,,,N,,,,,,,,,,,N,,,,,,,,,,,N,,,,,,,,,,,N,,,,,,,,,,,N,,,,,,,,,,,N,,,,,,,,,,,N,,,,,,,,,,,N,,,,,,,,,,,N,,,
9,C,,,,,,,,N,,,,,,,,,,,N,,,,,,,,,,,N,,,,,,,,,,,N,,,,,,,,,,,N,,,,,,,,,,,N,,,,,,,,,,,N,,,,,,,,,,,N,,,,,,,,,,,N,,,,,,,,,,,N,,,
9,D,,,,,,,,N,,,,,,,,,,,N,,,,,,,,,,,N,,,,,,,,,,,N,,,,,,,,,,,N,,,,,,,,,,,N,,,,,,,,,,,N,,,,,,,,,,,N,,,,,,,,,,,N,,,,,,,,,,,N,,,
10,1,,,,,,,,N,,,,,,,,,,,N,,,,,,,,,,,N,,,,,,,,,,,N,,,,,,,,,,,N,,,,,,,,,,,N,,,,,,,,,,,N,,,,,,,,,,,N,,,,,,,,,,,N,,,,,,,,,,,N,,,
10,2,,,,,,,,N,,,,,,,,,,,N,,,,,,,,,,,N,,,,,,,,,,,N,,,,,,,,,,,N,,,,,,,,,,,N,,,,,,,,,,,N,,,,,,,,,,,N,,,,,,,,,,,N,,,,,,,,,,,N,,,
10,3,,,,,,,,N,,,,,,,,,,,N,,,,,,,,,,,N,,,,,,,,,,,N,,,,,,,,,,,N,,,,,,,,,,,N,,,,,,,,,,,N,,,,,,,,,,,N,,,,,,,,,,,N,,,,,,,,,,,N,,,
10,4,,,,,,,,N,,,,,,,,,,,N,,,,,,,,,,,N,,,,,,,,,,,N,,,,,,,,,,,N,,,,,,,,,,,N,,,,,,,,,,,N,,,,,,,,,,,N,,,,,,,,,,,N,,,,,,,,,,,N,,,
10,A,,,,,,,,N,,,,,,,,,,,N,,,,,,,,,,,N,,,,,,,,,,,N,,,,,,,,,,,N,,,,,,,,,,,N,,,,,,,,,,,N,,,,,,,,,,,N,,,,,,,,,,,N,,,,,,,,,,,N,,,
10,B,,,,,,,,N,,,,,,,,,,,N,,,,,,,,,,,N,,,,,,,,,,,N,,,,,,,,,,,N,,,,,,,,,,,N,,,,,,,,,,,N,,,,,,,,,,,N,,,,,,,,,,,N,,,,,,,,,,,N,,,
10,C,,,,,,,,N,,,,,,,,,,,N,,,,,,,,,,,N,,,,,,,,,,,N,,,,,,,,,,,N,,,,,,,,,,,N,,,,,,,,,,,N,,,,,,,,,,,N,,,,,,,,,,,N,,,,,,,,,,,N,,,
10,D,,,,,,,,N,,,,,,,,,,,N,,,,,,,,,,,N,,,,,,,,,,,N,,,,,,,,,,,N,,,,,,,,,,,N,,,,,,,,,,,N,,,,,,,,,,,N,,,,,,,,,,,N,,,,,,,,,,,N,,,
11,1,,,,,,,,N,,,,,,,,,,,N,,,,,,,,,,,N,,,,,,,,,,,N,,,,,,,,,,,N,,,,,,,,,,,N,,,,,,,,,,,N,,,,,,,,,,,N,,,,,,,,,,,N,,,,,,,,,,,N,,,
11,2,CC,1,53,127,0,,,N,,,,,,,,,,,N,,,,,,,,,,,N,,,,,,,,,,,N,,,,,,,,,,,N,,,,,,,,,,,N,,,,,,,,,,,N,,,,,,,,,,,N,,,,,,,,,,,N,,,,,,,,,,,N,,,
11,3,CC,1,55,127,0,,,Y,,,,,,,,,,,N,,,,,,,,,,,N,,,,,,,,,,,N,,,,,,,,,,,N,,,,,,,,,,,N,,,,,,,,,,,N,,,,,,,,,,,N,,,,,,,,,,,N,,,,,,,,,,,N,,,
11,4,,,,,,,,N,,,,,,,,,,,N,,,,,,,,,,,N,,,,,,,,,,,N,,,,,,,,,,,N,,,,,,,,,,,N,,,,,,,,,,,N,,,,,,,,,,,N,,,,,,,,,,,N,,,,,,,,,,,N,,,
11,A,,,,,,,,N,,,,,,,,,,,N,,,,,,,,,,,N,,,,,,,,,,,N,,,,,,,,,,,N,,,,,,,,,,,N,,,,,,,,,,,N,,,,,,,,,,,N,,,,,,,,,,,N,,,,,,,,,,,N,,,
11,B,,,,,,,,N,,,,,,,,,,,N,,,,,,,,,,,N,,,,,,,,,,,N,,,,,,,,,,,N,,,,,,,,,,,N,,,,,,,,,,,N,,,,,,,,,,,N,,,,,,,,,,,N,,,,,,,,,,,N,,,
11,C,,,,,,,,N,,,,,,,,,,,N,,,,,,,,,,,N,,,,,,,,,,,N,,,,,,,,,,,N,,,,,,,,,,,N,,,,,,,,,,,N,,,,,,,,,,,N,,,,,,,,,,,N,,,,,,,,,,,N,,,
11,D,,,,,,,,N,,,,,,,,,,,N,,,,,,,,,,,N,,,,,,,,,,,N,,,,,,,,,,,N,,,,,,,,,,,N,,,,,,,,,,,N,,,,,,,,,,,N,,,,,,,,,,,N,,,,,,,,,,,N,,,
12,1,,,,,,,,N,,,,,,,,,,,N,,,,,,,,,,,N,,,,,,,,,,,N,,,,,,,,,,,N,,,,,,,,,,,N,,,,,,,,,,,N,,,,,,,,,,,N,,,,,,,,,,,N,,,,,,,,,,,N,,,
12,2,,,,,,,,N,,,,,,,,,,,N,,,,,,,,,,,N,,,,,,,,,,,N,,,,,,,,,,,N,,,,,,,,,,,N,,,,,,,,,,,N,,,,,,,,,,,N,,,,,,,,,,,N,,,,,,,,,,,N,,,
12,3,,,,,,,,N,,,,,,,,,,,N,,,,,,,,,,,N,,,,,,,,,,,N,,,,,,,,,,,N,,,,,,,,,,,N,,,,,,,,,,,N,,,,,,,,,,,N,,,,,,,,,,,N,,,,,,,,,,,N,,,
12,4,,,,,,,,N,,,,,,,,,,,N,,,,,,,,,,,N,,,,,,,,,,,N,,,,,,,,,,,N,,,,,,,,,,,N,,,,,,,,,,,N,,,,,,,,,,,N,,,,,,,,,,,N,,,,,,,,,,,N,,,
12,A,,,,,,,,N,,,,,,,,,,,N,,,,,,,,,,,N,,,,,,,,,,,N,,,,,,,,,,,N,,,,,,,,,,,N,,,,,,,,,,,N,,,,,,,,,,,N,,,,,,,,,,,N,,,,,,,,,,,N,,,
12,B,,,,,,,,N,,,,,,,,,,,N,,,,,,,,,,,N,,,,,,,,,,,N,,,,,,,,,,,N,,,,,,,,,,,N,,,,,,,,,,,N,,,,,,,,,,,N,,,,,,,,,,,N,,,,,,,,,,,N,,,
12,C,,,,,,,,N,,,,,,,,,,,N,,,,,,,,,,,N,,,,,,,,,,,N,,,,,,,,,,,N,,,,,,,,,,,N,,,,,,,,,,,N,,,,,,,,,,,N,,,,,,,,,,,N,,,,,,,,,,,N,,,
12,D,,,,,,,,N,,,,,,,,,,,N,,,,,,,,,,,N,,,,,,,,,,,N,,,,,,,,,,,N,,,,,,,,,,,N,,,,,,,,,,,N,,,,,,,,,,,N,,,,,,,,,,,N,,,,,,,,,,,N,,,
13,1,,,,,,,,N,,,,,,,,,,,N,,,,,,,,,,,N,,,,,,,,,,,N,,,,,,,,,,,N,,,,,,,,,,,N,,,,,,,,,,,N,,,,,,,,,,,N,,,,,,,,,,,N,,,,,,,,,,,N,,,
13,2,,,,,,,,N,,,,,,,,,,,N,,,,,,,,,,,N,,,,,,,,,,,N,,,,,,,,,,,N,,,,,,,,,,,N,,,,,,,,,,,N,,,,,,,,,,,N,,,,,,,,,,,N,,,,,,,,,,,N,,,
13,3,,,,,,,,N,,,,,,,,,,,N,,,,,,,,,,,N,,,,,,,,,,,N,,,,,,,,,,,N,,,,,,,,,,,N,,,,,,,,,,,N,,,,,,,,,,,N,,,,,,,,,,,N,,,,,,,,,,,N,,,
13,4,,,,,,,,N,,,,,,,,,,,N,,,,,,,,,,,N,,,,,,,,,,,N,,,,,,,,,,,N,,,,,,,,,,,N,,,,,,,,,,,N,,,,,,,,,,,N,,,,,,,,,,,N,,,,,,,,,,,N,,,
13,A,,,,,,,,N,,,,,,,,,,,N,,,,,,,,,,,N,,,,,,,,,,,N,,,,,,,,,,,N,,,,,,,,,,,N,,,,,,,,,,,N,,,,,,,,,,,N,,,,,,,,,,,N,,,,,,,,,,,N,,,
13,B,,,,,,,,N,,,,,,,,,,,N,,,,,,,,,,,N,,,,,,,,,,,N,,,,,,,,,,,N,,,,,,,,,,,N,,,,,,,,,,,N,,,,,,,,,,,N,,,,,,,,,,,N,,,,,,,,,,,N,,,
13,C,,,,,,,,N,,,,,,,,,,,N,,,,,,,,,,,N,,,,,,,,,,,N,,,,,,,,,,,N,,,,,,,,,,,N,,,,,,,,,,,N,,,,,,,,,,,N,,,,,,,,,,,N,,,,,,,,,,,N,,,
13,D,,,,,,,,N,,,,,,,,,,,N,,,,,,,,,,,N,,,,,,,,,,,N,,,,,,,,,,,N,,,,,,,,,,,N,,,,,,,,,,,N,,,,,,,,,,,N,,,,,,,,,,,N,,,,,,,,,,,N,,,
14,1,,,,,,,,N,,,,,,,,,,,N,,,,,,,,,,,N,,,,,,,,,,,N,,,,,,,,,,,N,,,,,,,,,,,N,,,,,,,,,,,N,,,,,,,,,,,N,,,,,,,,,,,N,,,,,,,,,,,N,,,
14,2,,,,,,,,N,,,,,,,,,,,N,,,,,,,,,,,N,,,,,,,,,,,N,,,,,,,,,,,N,,,,,,,,,,,N,,,,,,,,,,,N,,,,,,,,,,,N,,,,,,,,,,,N,,,,,,,,,,,N,,,
14,3,,,,,,,,N,,,,,,,,,,,N,,,,,,,,,,,N,,,,,,,,,,,N,,,,,,,,,,,N,,,,,,,,,,,N,,,,,,,,,,,N,,,,,,,,,,,N,,,,,,,,,,,N,,,,,,,,,,,N,,,
14,4,,,,,,,,N,,,,,,,,,,,N,,,,,,,,,,,N,,,,,,,,,,,N,,,,,,,,,,,N,,,,,,,,,,,N,,,,,,,,,,,N,,,,,,,,,,,N,,,,,,,,,,,N,,,,,,,,,,,N,,,
14,A,,,,,,,,N,,,,,,,,,,,N,,,,,,,,,,,N,,,,,,,,,,,N,,,,,,,,,,,N,,,,,,,,,,,N,,,,,,,,,,,N,,,,,,,,,,,N,,,,,,,,,,,N,,,,,,,,,,,N,,,
14,B,,,,,,,,N,,,,,,,,,,,N,,,,,,,,,,,N,,,,,,,,,,,N,,,,,,,,,,,N,,,,,,,,,,,N,,,,,,,,,,,N,,,,,,,,,,,N,,,,,,,,,,,N,,,,,,,,,,,N,,,
14,C,,,,,,,,N,,,,,,,,,,,N,,,,,,,,,,,N,,,,,,,,,,,N,,,,,,,,,,,N,,,,,,,,,,,N,,,,,,,,,,,N,,,,,,,,,,,N,,,,,,,,,,,N,,,,,,,,,,,N,,,
14,D,,,,,,,,N,,,,,,,,,,,N,,,,,,,,,,,N,,,,,,,,,,,N,,,,,,,,,,,N,,,,,,,,,,,N,,,,,,,,,,,N,,,,,,,,,,,N,,,,,,,,,,,N,,,,,,,,,,,N,,,
15,1,,,,,,,,N,,,,,,,,,,,N,,,,,,,,,,,N,,,,,,,,,,,N,,,,,,,,,,,N,,,,,,,,,,,N,,,,,,,,,,,N,,,,,,,,,,,N,,,,,,,,,,,N,,,,,,,,,,,N,,,
15,2,,,,,,,,N,,,,,,,,,,,N,,,,,,,,,,,N,,,,,,,,,,,N,,,,,,,,,,,N,,,,,,,,,,,N,,,,,,,,,,,N,,,,,,,,,,,N,,,,,,,,,,,N,,,,,,,,,,,N,,,
15,3,,,,,,,,N,,,,,,,,,,,N,,,,,,,,,,,N,,,,,,,,,,,N,,,,,,,,,,,N,,,,,,,,,,,N,,,,,,,,,,,N,,,,,,,,,,,N,,,,,,,,,,,N,,,,,,,,,,,N,,,
15,4,,,,,,,,N,,,,,,,,,,,N,,,,,,,,,,,N,,,,,,,,,,,N,,,,,,,,,,,N,,,,,,,,,,,N,,,,,,,,,,,N,,,,,,,,,,,N,,,,,,,,,,,N,,,,,,,,,,,N,,,
15,A,,,,,,,,N,,,,,,,,,,,N,,,,,,,,,,,N,,,,,,,,,,,N,,,,,,,,,,,N,,,,,,,,,,,N,,,,,,,,,,,N,,,,,,,,,,,N,,,,,,,,,,,N,,,,,,,,,,,N,,,
15,B,,,,,,,,N,,,,,,,,,,,N,,,,,,,,,,,N,,,,,,,,,,,N,,,,,,,,,,,N,,,,,,,,,,,N,,,,,,,,,,,N,,,,,,,,,,,N,,,,,,,,,,,N,,,,,,,,,,,N,,,
15,C,,,,,,,,N,,,,,,,,,,,N,,,,,,,,,,,N,,,,,,,,,,,N,,,,,,,,,,,N,,,,,,,,,,,N,,,,,,,,,,,N,,,,,,,,,,,N,,,,,,,,,,,N,,,,,,,,,,,N,,,
15,D,,,,,,,,N,,,,,,,,,,,N,,,,,,,,,,,N,,,,,,,,,,,N,,,,,,,,,,,N,,,,,,,,,,,N,,,,,,,,,,,N,,,,,,,,,,,N,,,,,,,,,,,N,,,,,,,,,,,N,,,
16,1,,,,,,,,N,,,,,,,,,,,N,,,,,,,,,,,N,,,,,,,,,,,N,,,,,,,,,,,N,,,,,,,,,,,N,,,,,,,,,,,N,,,,,,,,,,,N,,,,,,,,,,,N,,,,,,,,,,,N,,,
16,2,,,,,,,,N,,,,,,,,,,,N,,,,,,,,,,,N,,,,,,,,,,,N,,,,,,,,,,,N,,,,,,,,,,,N,,,,,,,,,,,N,,,,,,,,,,,N,,,,,,,,,,,N,,,,,,,,,,,N,,,
16,3,,,,,,,,N,,,,,,,,,,,N,,,,,,,,,,,N,,,,,,,,,,,N,,,,,,,,,,,N,,,,,,,,,,,N,,,,,,,,,,,N,,,,,,,,,,,N,,,,,,,,,,,N,,,,,,,,,,,N,,,
16,4,,,,,,,,N,,,,,,,,,,,N,,,,,,,,,,,N,,,,,,,,,,,N,,,,,,,,,,,N,,,,,,,,,,,N,,,,,,,,,,,N,,,,,,,,,,,N,,,,,,,,,,,N,,,,,,,,,,,N,,,
16,A,,,,,,,,N,,,,,,,,,,,N,,,,,,,,,,,N,,,,,,,,,,,N,,,,,,,,,,,N,,,,,,,,,,,N,,,,,,,,,,,N,,,,,,,,,,,N,,,,,,,,,,,N,,,,,,,,,,,N,,,
16,B,,,,,,,,N,,,,,,,,,,,N,,,,,,,,,,,N,,,,,,,,,,,N,,,,,,,,,,,N,,,,,,,,,,,N,,,,,,,,,,,N,,,,,,,,,,,N,,,,,,,,,,,N,,,,,,,,,,,N,,,
16,C,,,,,,,,N,,,,,,,,,,,N,,,,,,,,,,,N,,,,,,,,,,,N,,,,,,,,,,,N,,,,,,,,,,,N,,,,,,,,,,,N,,,,,,,,,,,N,,,,,,,,,,,N,,,,,,,,,,,N,,,
16,D,,,,,,,,N,,,,,,,,,,,N,,,,,,,,,,,N,,,,,,,,,,,N,,,,,,,,,,,N,,,,,,,,,,,N,,,,,,,,,,,N,,,,,,,,,,,N,,,,,,,,,,,N,,,,,,,,,,,N,,,
17,1,,,,,,,,N,,,,,,,,,,,N,,,,,,,,,,,N,,,,,,,,,,,N,,,,,,,,,,,N,,,,,,,,,,,N,,,,,,,,,,,N,,,,,,,,,,,N,,,,,,,,,,,N,,,,,,,,,,,N,,,
17,2,,,,,,,,N,,,,,,,,,,,N,,,,,,,,,,,N,,,,,,,,,,,N,,,,,,,,,,,N,,,,,,,,,,,N,,,,,,,,,,,N,,,,,,,,,,,N,,,,,,,,,,,N,,,,,,,,,,,N,,,
17,3,,,,,,,,N,,,,,,,,,,,N,,,,,,,,,,,N,,,,,,,,,,,N,,,,,,,,,,,N,,,,,,,,,,,N,,,,,,,,,,,N,,,,,,,,,,,N,,,,,,,,,,,N,,,,,,,,,,,N,,,
17,4,,,,,,,,N,,,,,,,,,,,N,,,,,,,,,,,N,,,,,,,,,,,N,,,,,,,,,,,N,,,,,,,,,,,N,,,,,,,,,,,N,,,,,,,,,,,N,,,,,,,,,,,N,,,,,,,,,,,N,,,
17,A,,,,,,,,N,,,,,,,,,,,N,,,,,,,,,,,N,,,,,,,,,,,N,,,,,,,,,,,N,,,,,,,,,,,N,,,,,,,,,,,N,,,,,,,,,,,N,,,,,,,,,,,N,,,,,,,,,,,N,,,
17,B,,,,,,,,N,,,,,,,,,,,N,,,,,,,,,,,N,,,,,,,,,,,N,,,,,,,,,,,N,,,,,,,,,,,N,,,,,,,,,,,N,,,,,,,,,,,N,,,,,,,,,,,N,,,,,,,,,,,N,,,
17,C,,,,,,,,N,,,,,,,,,,,N,,,,,,,,,,,N,,,,,,,,,,,N,,,,,,,,,,,N,,,,,,,,,,,N,,,,,,,,,,,N,,,,,,,,,,,N,,,,,,,,,,,N,,,,,,,,,,,N,,,
17,D,,,,,,,,N,,,,,,,,,,,N,,,,,,,,,,,N,,,,,,,,,,,N,,,,,,,,,,,N,,,,,,,,,,,N,,,,,,,,,,,N,,,,,,,,,,,N,,,,,,,,,,,N,,,,,,,,,,,N,,,
18,1,,,,,,,,N,,,,,,,,,,,N,,,,,,,,,,,N,,,,,,,,,,,N,,,,,,,,,,,N,,,,,,,,,,,N,,,,,,,,,,,N,,,,,,,,,,,N,,,,,,,,,,,N,,,,,,,,,,,N,,,
18,2,,,,,,,,N,,,,,,,,,,,N,,,,,,,,,,,N,,,,,,,,,,,N,,,,,,,,,,,N,,,,,,,,,,,N,,,,,,,,,,,N,,,,,,,,,,,N,,,,,,,,,,,N,,,,,,,,,,,N,,,
18,3,,,,,,,,N,,,,,,,,,,,N,,,,,,,,,,,N,,,,,,,,,,,N,,,,,,,,,,,N,,,,,,,,,,,N,,,,,,,,,,,N,,,,,,,,,,,N,,,,,,,,,,,N,,,,,,,,,,,N,,,
18,4,,,,,,,,N,,,,,,,,,,,N,,,,,,,,,,,N,,,,,,,,,,,N,,,,,,,,,,,N,,,,,,,,,,,N,,,,,,,,,,,N,,,,,,,,,,,N,,,,,,,,,,,N,,,,,,,,,,,N,,,
18,A,,,,,,,,N,,,,,,,,,,,N,,,,,,,,,,,N,,,,,,,,,,,N,,,,,,,,,,,N,,,,,,,,,,,N,,,,,,,,,,,N,,,,,,,,,,,N,,,,,,,,,,,N,,,,,,,,,,,N,,,
18,B,,,,,,,,N,,,,,,,,,,,N,,,,,,,,,,,N,,,,,,,,,,,N,,,,,,,,,,,N,,,,,,,,,,,N,,,,,,,,,,,N,,,,,,,,,,,N,,,,,,,,,,,N,,,,,,,,,,,N,,,
18,C,,,,,,,,N,,,,,,,,,,,N,,,,,,,,,,,N,,,,,,,,,,,N,,,,,,,,,,,N,,,,,,,,,,,N,,,,,,,,,,,N,,,,,,,,,,,N,,,,,,,,,,,N,,,,,,,,,,,N,,,
18,D,,,,,,,,N,,,,,,,,,,,N,,,,,,,,,,,N,,,,,,,,,,,N,,,,,,,,,,,N,,,,,,,,,,,N,,,,,,,,,,,N,,,,,,,,,,,N,,,,,,,,,,,N,,,,,,,,,,,N,,,
19,1,,,,,,,,N,,,,,,,,,,,N,,,,,,,,,,,N,,,,,,,,,,,N,,,,,,,,,,,N,,,,,,,,,,,N,,,,,,,,,,,N,,,,,,,,,,,N,,,,,,,,,,,N,,,,,,,,,,,N,,,
19,2,,,,,,,,N,,,,,,,,,,,N,,,,,,,,,,,N,,,,,,,,,,,N,,,,,,,,,,,N,,,,,,,,,,,N,,,,,,,,,,,N,,,,,,,,,,,N,,,,,,,,,,,N,,,,,,,,,,,N,,,
19,3,,,,,,,,N,,,,,,,,,,,N,,,,,,,,,,,N,,,,,,,,,,,N,,,,,,,,,,,N,,,,,,,,,,,N,,,,,,,,,,,N,,,,,,,,,,,N,,,,,,,,,,,N,,,,,,,,,,,N,,,
19,4,,,,,,,,N,,,,,,,,,,,N,,,,,,,,,,,N,,,,,,,,,,,N,,,,,,,,,,,N,,,,,,,,,,,N,,,,,,,,,,,N,,,,,,,,,,,N,,,,,,,,,,,N,,,,,,,,,,,N,,,
19,A,,,,,,,,N,,,,,,,,,,,N,,,,,,,,,,,N,,,,,,,,,,,N,,,,,,,,,,,N,,,,,,,,,,,N,,,,,,,,,,,N,,,,,,,,,,,N,,,,,,,,,,,N,,,,,,,,,,,N,,,
19,B,,,,,,,,N,,,,,,,,,,,N,,,,,,,,,,,N,,,,,,,,,,,N,,,,,,,,,,,N,,,,,,,,,,,N,,,,,,,,,,,N,,,,,,,,,,,N,,,,,,,,,,,N,,,,,,,,,,,N,,,
19,C,,,,,,,,N,,,,,,,,,,,N,,,,,,,,,,,N,,,,,,,,,,,N,,,,,,,,,,,N,,,,,,,,,,,N,,,,,,,,,,,N,,,,,,,,,,,N,,,,,,,,,,,N,,,,,,,,,,,N,,,
19,D,,,,,,,,N,,,,,,,,,,,N,,,,,,,,,,,N,,,,,,,,,,,N,,,,,,,,,,,N,,,,,,,,,,,N,,,,,,,,,,,N,,,,,,,,,,,N,,,,,,,,,,,N,,,,,,,,,,,N,,,
20,1,,,,,,,,N,,,,,,,,,,,N,,,,,,,,,,,N,,,,,,,,,,,N,,,,,,,,,,,N,,,,,,,,,,,N,,,,,,,,,,,N,,,,,,,,,,,N,,,,,,,,,,,N,,,,,,,,,,,N,,,
20,2,,,,,,,,N,,,,,,,,,,,N,,,,,,,,,,,N,,,,,,,,,,,N,,,,,,,,,,,N,,,,,,,,,,,N,,,,,,,,,,,N,,,,,,,,,,,N,,,,,,,,,,,N,,,,,,,,,,,N,,,
20,3,,,,,,,,N,,,,,,,,,,,N,,,,,,,,,,,N,,,,,,,,,,,N,,,,,,,,,,,N,,,,,,,,,,,N,,,,,,,,,,,N,,,,,,,,,,,N,,,,,,,,,,,N,,,,,,,,,,,N,,,
20,4,,,,,,,,N,,,,,,,,,,,N,,,,,,,,,,,N,,,,,,,,,,,N,,,,,,,,,,,N,,,,,,,,,,,N,,,,,,,,,,,N,,,,,,,,,,,N,,,,,,,,,,,N,,,,,,,,,,,N,,,
20,A,,,,,,,,N,,,,,,,,,,,N,,,,,,,,,,,N,,,,,,,,,,,N,,,,,,,,,,,N,,,,,,,,,,,N,,,,,,,,,,,N,,,,,,,,,,,N,,,,,,,,,,,N,,,,,,,,,,,N,,,
20,B,,,,,,,,N,,,,,,,,,,,N,,,,,,,,,,,N,,,,,,,,,,,N,,,,,,,,,,,N,,,,,,,,,,,N,,,,,,,,,,,N,,,,,,,,,,,N,,,,,,,,,,,N,,,,,,,,,,,N,,,
20,C,,,,,,,,N,,,,,,,,,,,N,,,,,,,,,,,N,,,,,,,,,,,N,,,,,,,,,,,N,,,,,,,,,,,N,,,,,,,,,,,N,,,,,,,,,,,N,,,,,,,,,,,N,,,,,,,,,,,N,,,
20,D,,,,,,,,N,,,,,,,,,,,N,,,,,,,,,,,N,,,,,,,,,,,N,,,,,,,,,,,N,,,,,,,,,,,N,,,,,,,,,,,N,,,,,,,,,,,N,,,,,,,,,,,N,,,,,,,,,,,N,,,
21,1,,,,,,,,N,,,,,,,,,,,N,,,,,,,,,,,N,,,,,,,,,,,N,,,,,,,,,,,N,,,,,,,,,,,N,,,,,,,,,,,N,,,,,,,,,,,N,,,,,,,,,,,N,,,,,,,,,,,N,,,
21,2,,,,,,,,N,,,,,,,,,,,N,,,,,,,,,,,N,,,,,,,,,,,N,,,,,,,,,,,N,,,,,,,,,,,N,,,,,,,,,,,N,,,,,,,,,,,N,,,,,,,,,,,N,,,,,,,,,,,N,,,
21,3,,,,,,,,N,,,,,,,,,,,N,,,,,,,,,,,N,,,,,,,,,,,N,,,,,,,,,,,N,,,,,,,,,,,N,,,,,,,,,,,N,,,,,,,,,,,N,,,,,,,,,,,N,,,,,,,,,,,N,,,
21,4,,,,,,,,N,,,,,,,,,,,N,,,,,,,,,,,N,,,,,,,,,,,N,,,,,,,,,,,N,,,,,,,,,,,N,,,,,,,,,,,N,,,,,,,,,,,N,,,,,,,,,,,N,,,,,,,,,,,N,,,
21,A,,,,,,,,N,,,,,,,,,,,N,,,,,,,,,,,N,,,,,,,,,,,N,,,,,,,,,,,N,,,,,,,,,,,N,,,,,,,,,,,N,,,,,,,,,,,N,,,,,,,,,,,N,,,,,,,,,,,N,,,
21,B,,,,,,,,N,,,,,,,,,,,N,,,,,,,,,,,N,,,,,,,,,,,N,,,,,,,,,,,N,,,,,,,,,,,N,,,,,,,,,,,N,,,,,,,,,,,N,,,,,,,,,,,N,,,,,,,,,,,N,,,
21,C,,,,,,,,N,,,,,,,,,,,N,,,,,,,,,,,N,,,,,,,,,,,N,,,,,,,,,,,N,,,,,,,,,,,N,,,,,,,,,,,N,,,,,,,,,,,N,,,,,,,,,,,N,,,,,,,,,,,N,,,
21,D,,,,,,,,N,,,,,,,,,,,N,,,,,,,,,,,N,,,,,,,,,,,N,,,,,,,,,,,N,,,,,,,,,,,N,,,,,,,,,,,N,,,,,,,,,,,N,,,,,,,,,,,N,,,,,,,,,,,N,,,
22,1,,,,,,,,N,,,,,,,,,,,N,,,,,,,,,,,N,,,,,,,,,,,N,,,,,,,,,,,N,,,,,,,,,,,N,,,,,,,,,,,N,,,,,,,,,,,N,,,,,,,,,,,N,,,,,,,,,,,N,,,
22,2,,,,,,,,N,,,,,,,,,,,N,,,,,,,,,,,N,,,,,,,,,,,N,,,,,,,,,,,N,,,,,,,,,,,N,,,,,,,,,,,N,,,,,,,,,,,N,,,,,,,,,,,N,,,,,,,,,,,N,,,
22,3,,,,,,,,N,,,,,,,,,,,N,,,,,,,,,,,N,,,,,,,,,,,N,,,,,,,,,,,N,,,,,,,,,,,N,,,,,,,,,,,N,,,,,,,,,,,N,,,,,,,,,,,N,,,,,,,,,,,N,,,
22,4,,,,,,,,N,,,,,,,,,,,N,,,,,,,,,,,N,,,,,,,,,,,N,,,,,,,,,,,N,,,,,,,,,,,N,,,,,,,,,,,N,,,,,,,,,,,N,,,,,,,,,,,N,,,,,,,,,,,N,,,
22,A,,,,,,,,N,,,,,,,,,,,N,,,,,,,,,,,N,,,,,,,,,,,N,,,,,,,,,,,N,,,,,,,,,,,N,,,,,,,,,,,N,,,,,,,,,,,N,,,,,,,,,,,N,,,,,,,,,,,N,,,
22,B,,,,,,,,N,,,,,,,,,,,N,,,,,,,,,,,N,,,,,,,,,,,N,,,,,,,,,,,N,,,,,,,,,,,N,,,,,,,,,,,N,,,,,,,,,,,N,,,,,,,,,,,N,,,,,,,,,,,N,,,
22,C,,,,,,,,N,,,,,,,,,,,N,,,,,,,,,,,N,,,,,,,,,,,N,,,,,,,,,,,N,,,,,,,,,,,N,,,,,,,,,,,N,,,,,,,,,,,N,,,,,,,,,,,N,,,,,,,,,,,N,,,
22,D,,,,,,,,N,,,,,,,,,,,N,,,,,,,,,,,N,,,,,,,,,,,N,,,,,,,,,,,N,,,,,,,,,,,N,,,,,,,,,,,N,,,,,,,,,,,N,,,,,,,,,,,N,,,,,,,,,,,N,,,
23,1,,,,,,,,N,,,,,,,,,,,N,,,,,,,,,,,N,,,,,,,,,,,N,,,,,,,,,,,N,,,,,,,,,,,N,,,,,,,,,,,N,,,,,,,,,,,N,,,,,,,,,,,N,,,,,,,,,,,N,,,
23,2,,,,,,,,N,,,,,,,,,,,N,,,,,,,,,,,N,,,,,,,,,,,N,,,,,,,,,,,N,,,,,,,,,,,N,,,,,,,,,,,N,,,,,,,,,,,N,,,,,,,,,,,N,,,,,,,,,,,N,,,
23,3,,,,,,,,N,,,,,,,,,,,N,,,,,,,,,,,N,,,,,,,,,,,N,,,,,,,,,,,N,,,,,,,,,,,N,,,,,,,,,,,N,,,,,,,,,,,N,,,,,,,,,,,N,,,,,,,,,,,N,,,
23,4,,,,,,,,N,,,,,,,,,,,N,,,,,,,,,,,N,,,,,,,,,,,N,,,,,,,,,,,N,,,,,,,,,,,N,,,,,,,,,,,N,,,,,,,,,,,N,,,,,,,,,,,N,,,,,,,,,,,N,,,
23,A,,,,,,,,N,,,,,,,,,,,N,,,,,,,,,,,N,,,,,,,,,,,N,,,,,,,,,,,N,,,,,,,,,,,N,,,,,,,,,,,N,,,,,,,,,,,N,,,,,,,,,,,N,,,,,,,,,,,N,,,
23,B,,,,,,,,N,,,,,,,,,,,N,,,,,,,,,,,N,,,,,,,,,,,N,,,,,,,,,,,N,,,,,,,,,,,N,,,,,,,,,,,N,,,,,,,,,,,N,,,,,,,,,,,N,,,,,,,,,,,N,,,
23,C,,,,,,,,N,,,,,,,,,,,N,,,,,,,,,,,N,,,,,,,,,,,N,,,,,,,,,,,N,,,,,,,,,,,N,,,,,,,,,,,N,,,,,,,,,,,N,,,,,,,,,,,N,,,,,,,,,,,N,,,
23,D,,,,,,,,N,,,,,,,,,,,N,,,,,,,,,,,N,,,,,,,,,,,N,,,,,,,,,,,N,,,,,,,,,,,N,,,,,,,,,,,N,,,,,,,,,,,N,,,,,,,,,,,N,,,,,,,,,,,N,,,
24,1,,,,,,,,N,,,,,,,,,,,N,,,,,,,,,,,N,,,,,,,,,,,N,,,,,,,,,,,N,,,,,,,,,,,N,,,,,,,,,,,N,,,,,,,,,,,N,,,,,,,,,,,N,,,,,,,,,,,N,,,
24,2,,,,,,,,N,,,,,,,,,,,N,,,,,,,,,,,N,,,,,,,,,,,N,,,,,,,,,,,N,,,,,,,,,,,N,,,,,,,,,,,N,,,,,,,,,,,N,,,,,,,,,,,N,,,,,,,,,,,N,,,
24,3,,,,,,,,N,,,,,,,,,,,N,,,,,,,,,,,N,,,,,,,,,,,N,,,,,,,,,,,N,,,,,,,,,,,N,,,,,,,,,,,N,,,,,,,,,,,N,,,,,,,,,,,N,,,,,,,,,,,N,,,
24,4,,,,,,,,N,,,,,,,,,,,N,,,,,,,,,,,N,,,,,,,,,,,N,,,,,,,,,,,N,,,,,,,,,,,N,,,,,,,,,,,N,,,,,,,,,,,N,,,,,,,,,,,N,,,,,,,,,,,N,,,
24,A,,,,,,,,N,,,,,,,,,,,N,,,,,,,,,,,N,,,,,,,,,,,N,,,,,,,,,,,N,,,,,,,,,,,N,,,,,,,,,,,N,,,,,,,,,,,N,,,,,,,,,,,N,,,,,,,,,,,N,,,
24,B,,,,,,,,N,,,,,,,,,,,N,,,,,,,,,,,N,,,,,,,,,,,N,,,,,,,,,,,N,,,,,,,,,,,N,,,,,,,,,,,N,,,,,,,,,,,N,,,,,,,,,,,N,,,,,,,,,,,N,,,
24,C,,,,,,,,N,,,,,,,,,,,N,,,,,,,,,,,N,,,,,,,,,,,N,,,,,,,,,,,N,,,,,,,,,,,N,,,,,,,,,,,N,,,,,,,,,,,N,,,,,,,,,,,N,,,,,,,,,,,N,,,
24,D,,,,,,,,N,,,,,,,,,,,N,,,,,,,,,,,N,,,,,,,,,,,N,,,,,,,,,,,N,,,,,,,,,,,N,,,,,,,,,,,N,,,,,,,,,,,N,,,,,,,,,,,N,,,,,,,,,,,N,,,
25,1,,,,,,,,N,,,,,,,,,,,N,,,,,,,,,,,N,,,,,,,,,,,N,,,,,,,,,,,N,,,,,,,,,,,N,,,,,,,,,,,N,,,,,,,,,,,N,,,,,,,,,,,N,,,,,,,,,,,N,,,
25,2,,,,,,,,N,,,,,,,,,,,N,,,,,,,,,,,N,,,,,,,,,,,N,,,,,,,,,,,N,,,,,,,,,,,N,,,,,,,,,,,N,,,,,,,,,,,N,,,,,,,,,,,N,,,,,,,,,,,N,,,
25,3,,,,,,,,N,,,,,,,,,,,N,,,,,,,,,,,N,,,,,,,,,,,N,,,,,,,,,,,N,,,,,,,,,,,N,,,,,,,,,,,N,,,,,,,,,,,N,,,,,,,,,,,N,,,,,,,,,,,N,,,
25,4,,,,,,,,N,,,,,,,,,,,N,,,,,,,,,,,N,,,,,,,,,,,N,,,,,,,,,,,N,,,,,,,,,,,N,,,,,,,,,,,N,,,,,,,,,,,N,,,,,,,,,,,N,,,,,,,,,,,N,,,
25,A,,,,,,,,N,,,,,,,,,,,N,,,,,,,,,,,N,,,,,,,,,,,N,,,,,,,,,,,N,,,,,,,,,,,N,,,,,,,,,,,N,,,,,,,,,,,N,,,,,,,,,,,N,,,,,,,,,,,N,,,
25,B,,,,,,,,N,,,,,,,,,,,N,,,,,,,,,,,N,,,,,,,,,,,N,,,,,,,,,,,N,,,,,,,,,,,N,,,,,,,,,,,N,,,,,,,,,,,N,,,,,,,,,,,N,,,,,,,,,,,N,,,
25,C,,,,,,,,N,,,,,,,,,,,N,,,,,,,,,,,N,,,,,,,,,,,N,,,,,,,,,,,N,,,,,,,,,,,N,,,,,,,,,,,N,,,,,,,,,,,N,,,,,,,,,,,N,,,,,,,,,,,N,,,
25,D,,,,,,,,N,,,,,,,,,,,N,,,,,,,,,,,N,,,,,,,,,,,N,,,,,,,,,,,N,,,,,,,,,,,N,,,,,,,,,,,N,,,,,,,,,,,N,,,,,,,,,,,N,,,,,,,,,,,N,,,
26,1,,,,,,,,N,,,,,,,,,,,N,,,,,,,,,,,N,,,,,,,,,,,N,,,,,,,,,,,N,,,,,,,,,,,N,,,,,,,,,,,N,,,,,,,,,,,N,,,,,,,,,,,N,,,,,,,,,,,N,,,
26,2,,,,,,,,N,,,,,,,,,,,N,,,,,,,,,,,N,,,,,,,,,,,N,,,,,,,,,,,N,,,,,,,,,,,N,,,,,,,,,,,N,,,,,,,,,,,N,,,,,,,,,,,N,,,,,,,,,,,N,,,
26,3,,,,,,,,N,,,,,,,,,,,N,,,,,,,,,,,N,,,,,,,,,,,N,,,,,,,,,,,N,,,,,,,,,,,N,,,,,,,,,,,N,,,,,,,,,,,N,,,,,,,,,,,N,,,,,,,,,,,N,,,
26,4,,,,,,,,N,,,,,,,,,,,N,,,,,,,,,,,N,,,,,,,,,,,N,,,,,,,,,,,N,,,,,,,,,,,N,,,,,,,,,,,N,,,,,,,,,,,N,,,,,,,,,,,N,,,,,,,,,,,N,,,
26,A,,,,,,,,N,,,,,,,,,,,N,,,,,,,,,,,N,,,,,,,,,,,N,,,,,,,,,,,N,,,,,,,,,,,N,,,,,,,,,,,N,,,,,,,,,,,N,,,,,,,,,,,N,,,,,,,,,,,N,,,
26,B,,,,,,,,N,,,,,,,,,,,N,,,,,,,,,,,N,,,,,,,,,,,N,,,,,,,,,,,N,,,,,,,,,,,N,,,,,,,,,,,N,,,,,,,,,,,N,,,,,,,,,,,N,,,,,,,,,,,N,,,
26,C,,,,,,,,N,,,,,,,,,,,N,,,,,,,,,,,N,,,,,,,,,,,N,,,,,,,,,,,N,,,,,,,,,,,N,,,,,,,,,,,N,,,,,,,,,,,N,,,,,,,,,,,N,,,,,,,,,,,N,,,
26,D,,,,,,,,N,,,,,,,,,,,N,,,,,,,,,,,N,,,,,,,,,,,N,,,,,,,,,,,N,,,,,,,,,,,N,,,,,,,,,,,N,,,,,,,,,,,N,,,,,,,,,,,N,,,,,,,,,,,N,,,
27,1,,,,,,,,N,,,,,,,,,,,N,,,,,,,,,,,N,,,,,,,,,,,N,,,,,,,,,,,N,,,,,,,,,,,N,,,,,,,,,,,N,,,,,,,,,,,N,,,,,,,,,,,N,,,,,,,,,,,N,,,
27,2,,,,,,,,N,,,,,,,,,,,N,,,,,,,,,,,N,,,,,,,,,,,N,,,,,,,,,,,N,,,,,,,,,,,N,,,,,,,,,,,N,,,,,,,,,,,N,,,,,,,,,,,N,,,,,,,,,,,N,,,
27,3,,,,,,,,N,,,,,,,,,,,N,,,,,,,,,,,N,,,,,,,,,,,N,,,,,,,,,,,N,,,,,,,,,,,N,,,,,,,,,,,N,,,,,,,,,,,N,,,,,,,,,,,N,,,,,,,,,,,N,,,
27,4,,,,,,,,N,,,,,,,,,,,N,,,,,,,,,,,N,,,,,,,,,,,N,,,,,,,,,,,N,,,,,,,,,,,N,,,,,,,,,,,N,,,,,,,,,,,N,,,,,,,,,,,N,,,,,,,,,,,N,,,
27,A,,,,,,,,N,,,,,,,,,,,N,,,,,,,,,,,N,,,,,,,,,,,N,,,,,,,,,,,N,,,,,,,,,,,N,,,,,,,,,,,N,,,,,,,,,,,N,,,,,,,,,,,N,,,,,,,,,,,N,,,
27,B,,,,,,,,N,,,,,,,,,,,N,,,,,,,,,,,N,,,,,,,,,,,N,,,,,,,,,,,N,,,,,,,,,,,N,,,,,,,,,,,N,,,,,,,,,,,N,,,,,,,,,,,N,,,,,,,,,,,N,,,
27,C,,,,,,,,N,,,,,,,,,,,N,,,,,,,,,,,N,,,,,,,,,,,N,,,,,,,,,,,N,,,,,,,,,,,N,,,,,,,,,,,N,,,,,,,,,,,N,,,,,,,,,,,N,,,,,,,,,,,N,,,
27,D,,,,,,,,N,,,,,,,,,,,N,,,,,,,,,,,N,,,,,,,,,,,N,,,,,,,,,,,N,,,,,,,,,,,N,,,,,,,,,,,N,,,,,,,,,,,N,,,,,,,,,,,N,,,,,,,,,,,N,,,
28,1,,,,,,,,N,,,,,,,,,,,N,,,,,,,,,,,N,,,,,,,,,,,N,,,,,,,,,,,N,,,,,,,,,,,N,,,,,,,,,,,N,,,,,,,,,,,N,,,,,,,,,,,N,,,,,,,,,,,N,,,
28,2,,,,,,,,N,,,,,,,,,,,N,,,,,,,,,,,N,,,,,,,,,,,N,,,,,,,,,,,N,,,,,,,,,,,N,,,,,,,,,,,N,,,,,,,,,,,N,,,,,,,,,,,N,,,,,,,,,,,N,,,
28,3,,,,,,,,N,,,,,,,,,,,N,,,,,,,,,,,N,,,,,,,,,,,N,,,,,,,,,,,N,,,,,,,,,,,N,,,,,,,,,,,N,,,,,,,,,,,N,,,,,,,,,,,N,,,,,,,,,,,N,,,
28,4,,,,,,,,N,,,,,,,,,,,N,,,,,,,,,,,N,,,,,,,,,,,N,,,,,,,,,,,N,,,,,,,,,,,N,,,,,,,,,,,N,,,,,,,,,,,N,,,,,,,,,,,N,,,,,,,,,,,N,,,
28,A,,,,,,,,N,,,,,,,,,,,N,,,,,,,,,,,N,,,,,,,,,,,N,,,,,,,,,,,N,,,,,,,,,,,N,,,,,,,,,,,N,,,,,,,,,,,N,,,,,,,,,,,N,,,,,,,,,,,N,,,
28,B,,,,,,,,N,,,,,,,,,,,N,,,,,,,,,,,N,,,,,,,,,,,N,,,,,,,,,,,N,,,,,,,,,,,N,,,,,,,,,,,N,,,,,,,,,,,N,,,,,,,,,,,N,,,,,,,,,,,N,,,
28,C,,,,,,,,N,,,,,,,,,,,N,,,,,,,,,,,N,,,,,,,,,,,N,,,,,,,,,,,N,,,,,,,,,,,N,,,,,,,,,,,N,,,,,,,,,,,N,,,,,,,,,,,N,,,,,,,,,,,N,,,
28,D,,,,,,,,N,,,,,,,,,,,N,,,,,,,,,,,N,,,,,,,,,,,N,,,,,,,,,,,N,,,,,,,,,,,N,,,,,,,,,,,N,,,,,,,,,,,N,,,,,,,,,,,N,,,,,,,,,,,N,,,
29,1,,,,,,,,N,,,,,,,,,,,N,,,,,,,,,,,N,,,,,,,,,,,N,,,,,,,,,,,N,,,,,,,,,,,N,,,,,,,,,,,N,,,,,,,,,,,N,,,,,,,,,,,N,,,,,,,,,,,N,,,
29,2,,,,,,,,N,,,,,,,,,,,N,,,,,,,,,,,N,,,,,,,,,,,N,,,,,,,,,,,N,,,,,,,,,,,N,,,,,,,,,,,N,,,,,,,,,,,N,,,,,,,,,,,N,,,,,,,,,,,N,,,
29,3,,,,,,,,N,,,,,,,,,,,N,,,,,,,,,,,N,,,,,,,,,,,N,,,,,,,,,,,N,,,,,,,,,,,N,,,,,,,,,,,N,,,,,,,,,,,N,,,,,,,,,,,N,,,,,,,,,,,N,,,
29,4,,,,,,,,N,,,,,,,,,,,N,,,,,,,,,,,N,,,,,,,,,,,N,,,,,,,,,,,N,,,,,,,,,,,N,,,,,,,,,,,N,,,,,,,,,,,N,,,,,,,,,,,N,,,,,,,,,,,N,,,
29,A,,,,,,,,N,,,,,,,,,,,N,,,,,,,,,,,N,,,,,,,,,,,N,,,,,,,,,,,N,,,,,,,,,,,N,,,,,,,,,,,N,,,,,,,,,,,N,,,,,,,,,,,N,,,,,,,,,,,N,,,
29,B,,,,,,,,N,,,,,,,,,,,N,,,,,,,,,,,N,,,,,,,,,,,N,,,,,,,,,,,N,,,,,,,,,,,N,,,,,,,,,,,N,,,,,,,,,,,N,,,,,,,,,,,N,,,,,,,,,,,N,,,
29,C,,,,,,,,N,,,,,,,,,,,N,,,,,,,,,,,N,,,,,,,,,,,N,,,,,,,,,,,N,,,,,,,,,,,N,,,,,,,,,,,N,,,,,,,,,,,N,,,,,,,,,,,N,,,,,,,,,,,N,,,
29,D,,,,,,,,N,,,,,,,,,,,N,,,,,,,,,,,N,,,,,,,,,,,N,,,,,,,,,,,N,,,,,,,,,,,N,,,,,,,,,,,N,,,,,,,,,,,N,,,,,,,,,,,N,,,,,,,,,,,N,,,
30,1,,,,,,,,N,,,,,,,,,,,N,,,,,,,,,,,N,,,,,,,,,,,N,,,,,,,,,,,N,,,,,,,,,,,N,,,,,,,,,,,N,,,,,,,,,,,N,,,,,,,,,,,N,,,,,,,,,,,N,,,
30,2,,,,,,,,N,,,,,,,,,,,N,,,,,,,,,,,N,,,,,,,,,,,N,,,,,,,,,,,N,,,,,,,,,,,N,,,,,,,,,,,N,,,,,,,,,,,N,,,,,,,,,,,N,,,,,,,,,,,N,,,
30,3,,,,,,,,N,,,,,,,,,,,N,,,,,,,,,,,N,,,,,,,,,,,N,,,,,,,,,,,N,,,,,,,,,,,N,,,,,,,,,,,N,,,,,,,,,,,N,,,,,,,,,,,N,,,,,,,,,,,N,,,
30,4,,,,,,,,N,,,,,,,,,,,N,,,,,,,,,,,N,,,,,,,,,,,N,,,,,,,,,,,N,,,,,,,,,,,N,,,,,,,,,,,N,,,,,,,,,,,N,,,,,,,,,,,N,,,,,,,,,,,N,,,
30,A,,,,,,,,N,,,,,,,,,,,N,,,,,,,,,,,N,,,,,,,,,,,N,,,,,,,,,,,N,,,,,,,,,,,N,,,,,,,,,,,N,,,,,,,,,,,N,,,,,,,,,,,N,,,,,,,,,,,N,,,
30,B,,,,,,,,N,,,,,,,,,,,N,,,,,,,,,,,N,,,,,,,,,,,N,,,,,,,,,,,N,,,,,,,,,,,N,,,,,,,,,,,N,,,,,,,,,,,N,,,,,,,,,,,N,,,,,,,,,,,N,,,
30,C,,,,,,,,N,,,,,,,,,,,N,,,,,,,,,,,N,,,,,,,,,,,N,,,,,,,,,,,N,,,,,,,,,,,N,,,,,,,,,,,N,,,,,,,,,,,N,,,,,,,,,,,N,,,,,,,,,,,N,,,
30,D,,,,,,,,N,,,,,,,,,,,N,,,,,,,,,,,N,,,,,,,,,,,N,,,,,,,,,,,N,,,,,,,,,,,N,,,,,,,,,,,N,,,,,,,,,,,N,,,,,,,,,,,N,,,,,,,,,,,N,,,
31,1,,,,,,,,N,,,,,,,,,,,N,,,,,,,,,,,N,,,,,,,,,,,N,,,,,,,,,,,N,,,,,,,,,,,N,,,,,,,,,,,N,,,,,,,,,,,N,,,,,,,,,,,N,,,,,,,,,,,N,,,
31,2,,,,,,,,N,,,,,,,,,,,N,,,,,,,,,,,N,,,,,,,,,,,N,,,,,,,,,,,N,,,,,,,,,,,N,,,,,,,,,,,N,,,,,,,,,,,N,,,,,,,,,,,N,,,,,,,,,,,N,,,
31,3,,,,,,,,N,,,,,,,,,,,N,,,,,,,,,,,N,,,,,,,,,,,N,,,,,,,,,,,N,,,,,,,,,,,N,,,,,,,,,,,N,,,,,,,,,,,N,,,,,,,,,,,N,,,,,,,,,,,N,,,
31,4,,,,,,,,N,,,,,,,,,,,N,,,,,,,,,,,N,,,,,,,,,,,N,,,,,,,,,,,N,,,,,,,,,,,N,,,,,,,,,,,N,,,,,,,,,,,N,,,,,,,,,,,N,,,,,,,,,,,N,,,
31,A,,,,,,,,N,,,,,,,,,,,N,,,,,,,,,,,N,,,,,,,,,,,N,,,,,,,,,,,N,,,,,,,,,,,N,,,,,,,,,,,N,,,,,,,,,,,N,,,,,,,,,,,N,,,,,,,,,,,N,,,
31,B,,,,,,,,N,,,,,,,,,,,N,,,,,,,,,,,N,,,,,,,,,,,N,,,,,,,,,,,N,,,,,,,,,,,N,,,,,,,,,,,N,,,,,,,,,,,N,,,,,,,,,,,N,,,,,,,,,,,N,,,
31,C,,,,,,,,N,,,,,,,,,,,N,,,,,,,,,,,N,,,,,,,,,,,N,,,,,,,,,,,N,,,,,,,,,,,N,,,,,,,,,,,N,,,,,,,,,,,N,,,,,,,,,,,N,,,,,,,,,,,N,,,
31,D,,,,,,,,N,,,,,,,,,,,N,,,,,,,,,,,N,,,,,,,,,,,N,,,,,,,,,,,N,,,,,,,,,,,N,,,,,,,,,,,N,,,,,,,,,,,N,,,,,,,,,,,N,,,,,,,,,,,N,,,
,,,,,,,,,,,,,,,,,,,,,,,,,,,,,,,,,,,,,,,,,,,,,,,,,,
* Expression_Settings,,,,,,,,,,,,,,,,,,,,,,,,,,,,,,,,,,,,,,,,,,,,,,,,,,
Pedal,Min_ADC,Max_ADC,Curve,Invert,Channel,Toe_Button,Heel_Button,Toe_Level,Heel_Level
1,100,3900,Linear,N,Global,1,,115,7
2,100,3900,Log,Y,2,C,D,110,5
,,,,,,,,,,,,,,,,,,,,,,,,,,,,,,,,,,,,,,,,,,,,,,,,,,
* BankEnter_Settings,,,,,,,,,,,,,,,,,,,,,,,,,,,,,,,,,,,,,,,,,,,,,,,,,,
Bank_Number,A_CommandType,A_Channel_(PC/CC/Note/PB),A_Number_(PC/CC/Note),A_OnValue_(CC/PB),A_OffValue_(CC),A_BankSelect_(PC),A_BankSelectHighByte_(PC),A_Toggle_(CC/PB/Note),A_Velocity_(Note),A_Duration_(Note/PB),A_KeyMode_(Key),B_CommandType,B_Channel_(PC/CC/Note/PB),B_Number_(PC/CC/Note),B_OnValue_(CC/PB),B_OffValue_(CC),B_BankSelect_(PC),B_BankSelectHighByte_(PC),B_Toggle_(CC/PB/Note),B_Velocity_(Note),B_Duration_(Note/PB),B_KeyMode_(Key),C_CommandType,C_Channel_(PC/CC/Note/PB),C_Number_(PC/CC/Note),C_OnValue_(CC/PB),C_OffValue_(CC),C_BankSelect_(PC),C_BankSelectHighByte_(PC),C_Toggle_(CC/PB/Note),C_Velocity_(Note),C_Duration_(Note/PB),C_KeyMode_(Key),D_CommandType,D_Channel_(PC/CC/Note/PB),D_Number_(PC/CC/Note),D_OnValue_(CC/PB),D_OffValue_(CC),D_BankSelect_(PC),D_BankSelectHighByte_(PC),D_Toggle_(CC/PB/Note),D_Velocity_(Note),D_Duration_(Note/PB),D_KeyMode_(Key),E_CommandType,E_Channel_(PC/CC/Note/PB),E_Number_(PC/CC/Note),E_OnValue_(CC/PB),E_OffValue_(CC),E_BankSelect_(PC),E_BankSelectHighByte_(PC),E_Toggle_(CC/PB/Note),E_Velocity_(Note),E_Duration_(Note/PB),E_KeyMode_(Key),F_CommandType,F_Channel_(PC/CC/Note/PB),F_Number_(PC/CC/Note),F_OnValue_(CC/PB),F_OffValue_(CC),F_BankSelect_(PC),F_BankSelectHighByte_(PC),F_Toggle_(CC/PB/Note),F_Velocity_(Note),F_Duration_(Note/PB),F_KeyMode_(Key),G_CommandType,G_Channel_(PC/CC/Note/PB),G_Number_(PC/CC/Note),G_OnValue_(CC/PB),G_OffValue_(CC),G_BankSelect_(PC),G_BankSelectHighByte_(PC),G_Toggle_(CC/PB/Note),G_Velocity_(Note),G_Duration_(Note/PB),G_KeyMode_(Key),H_CommandType,H_Channel_(PC/CC/Note/PB),H_Number_(PC/CC/Note),H_OnValue_(CC/PB),H_OffValue_(CC),H_BankSelect_(PC),H_BankSelectHighByte_(PC),H_Toggle_(CC/PB/Note),H_Velocity_(Note),H_Duration_(Note/PB),H_KeyMode_(Key),I_CommandType,I_Channel_(PC/CC/Note/PB),I_Number_(PC/CC/Note),I_OnValue_(CC/PB),I_OffValue_(CC),I_BankSelect_(PC),I_BankSelectHighByte_(PC),I_Toggle_(CC/PB/Note),I_Velocity_(Note),I_Duration_(Note/PB),I_KeyMode_(Key),J_CommandType,J_Channel_(PC/CC/Note/PB),J_Number_(PC/CC/Note),J_OnValue_(CC/PB),J_OffValue_(CC),J_BankSelect_(PC),J_BankSelectHighByte_(PC),J_Toggle_(CC/PB/Note),J_Velocity_(Note),J_Duration_(Note/PB),J_KeyMode_(Key)
0,,,,,,,,N,,,,,,,,,,,N,,,,,,,,,,,N,,,,,,,,,,,N,,,,,,,,,,,N,,,,,,,,,,,N,,,,,,,,,,,N,,,,,,,,,,,N,,,,,,,,,,,N,,,,,,,,,,,N,,,
1,,,,,,,,N,,,,,,,,,,,N,,,,,,,,,,,N,,,,,,,,,,,N,,,,,,,,,,,N,,,,,,,,,,,N,,,,,,,,,,,N,,,,,,,,,,,N,,,,,,,,,,,N,,,,,,,,,,,N,,,
2,,,,,,,,N,,,,,,,,,,,N,,,,,,,,,,,N,,,,,,,,,,,N,,,,,,,,,,,N,,,,,,,,,,,N,,,,,,,,,,,N,,,,,,,,,,,N,,,,,,,,,,,N,,,,,,,,,,,N,,,
3,PC,1,0,,,,,N,,,,,,,,,,,N,,,,,,,,,,,N,,,,,,,,,,,N,,,,,,,,,,,N,,,,,,,,,,,N,,,,,,,,,,,N,,,,,,,,,,,N,,,,,,,,,,,N,,,,,,,,,,,N,,,
4,,,,,,,,N,,,,,,,,,,,N,,,,,,,,,,,N,,,,,,,,,,,N,,,,,,,,,,,N,,,,,,,,,,,N,,,,,,,,,,,N,,,,,,,,,,,N,,,,,,,,,,,N,,,,,,,,,,,N,,,
5,,,,,,,,N,,,,,,,,,,,N,,,,,,,,,,,N,,,,,,,,,,,N,,,,,,,,,,,N,,,,,,,,,,,N,,,,,,,,,,,N,,,,,,,,,,,N,,,,,,,,,,,N,,,,,,,,,,,N,,,
6,,,,,,,,N,,,,,,,,,,,N,,,,,,,,,,,N,,,,,,,,,,,N,,,,,,,,,,,N,,,,,,,,,,,N,,,,,,,,,,,N,,,,,,,,,,,N,,,,,,,,,,,N,,,,,,,,,,,N,,,
7,,,,,,,,N,,,,,,,,,,,N,,,,,,,,,,,N,,,,,,,,,,,N,,,,,,,,,,,N,,,,,,,,,,,N,,,,,,,,,,,N,,,,,,,,,,,N,,,,,,,,,,,N,,,,,,,,,,,N,,,
8,,,,,,,,N,,,,,,,,,,,N,,,,,,,,,,,N,,,,,,,,,,,N,,,,,,,,,,,N,,,,,,,,,,,N,,,,,,,,,,,N,,,,,,,,,,,N,,,,,,,,,,,N,,,,,,,,,,,N,,,
9,,,,,,,,N,,,,,,,,,,,N,,,,,,,,,,,N,,,,,,,,,,,N,,,,,,,,,,,N,,,,,,,,,,,N,,,,,,,,,,,N,,,,,,,,,,,N,,,,,,,,,,,N,,,,,,,,,,,N,,,
10,,,,,,,,N,,,,,,,,,,,N,,,,,,,,,,,N,,,,,,,,,,,N,,,,,,,,,,,N,,,,,,,,,,,N,,,,,,,,,,,N,,,,,,,,,,,N,,,,,,,,,,,N,,,,,,,,,,,N,,,
11,,,,,,,,N,,,,,,,,,,,N,,,,,,,,,,,N,,,,,,,,,,,N,,,,,,,,,,,N,,,,,,,,,,,N,,,,,,,,,,,N,,,,,,,,,,,N,,,,,,,,,,,N,,,,,,,,,,,N,,,
12,PC,1,1,,,,,N,,,,,,,,,,,N,,,,,,,,,,,N,,,,,,,,,,,N,,,,,,,,,,,N,,,,,,,,,,,N,,,,,,,,,,,N,,,,,,,,,,,N,,,,,,,,,,,N,,,,,,,,,,,N,,,
13,PC,1,2,,,,,N,,,,,,,,,,,N,,,,,,,,,,,N,,,,,,,,,,,N,,,,,,,,,,,N,,,,,,,,,,,N,,,,,,,,,,,N,,,,,,,,,,,N,,,,,,,,,,,N,,,,,,,,,,,N,,,
14,PC,1,3,,,,,N,,,,,,,,,,,N,,,,,,,,,,,N,,,,,,,,,,,N,,,,,,,,,,,N,,,,,,,,,,,N,,,,,,,,,,,N,,,,,,,,,,,N,,,,,,,,,,,N,,,,,,,,,,,N,,,
15,PC,1,4,,,,,N,,,,,,,,,,,N,,,,,,,,,,,N,,,,,,,,,,,N,,,,,,,,,,,N,,,,,,,,,,,N,,,,,,,,,,,N,,,,,,,,,,,N,,,,,,,,,,,N,,,,,,,,,,,N,,,
16,PC,1,5,,,,,N,,,,,,,,,,,N,,,,,,,,,,,N,,,,,,,,,,,N,,,,,,,,,,,N,,,,,,,,,,,N,,,,,,,,,,,N,,,,,,,,,,,N,,,,,,,,,,,N,,,,,,,,,,,N,,,
17,PC,1,6,,,,,N,,,,,,,,,,,N,,,,,,,,,,,N,,,,,,,,,,,N,,,,,,,,,,,N,,,,,,,,,,,N,,,,,,,,,,,N,,,,,,,,,,,N,,,,,,,,,,,N,,,,,,,,,,,N,,,
18,PC,1,7,,,,,N,,,,,,,,,,,N,,,,,,,,,,,N,,,,,,,,,,,N,,,,,,,,,,,N,,,,,,,,,,,N,,,,,,,,,,,N,,,,,,,,,,,N,,,,,,,,,,,N,,,,,,,,,,,N,,,
19,PC,1,8,,,,,N,,,,,,,,,,,N,,,,,,,,,,,N,,,,,,,,,,,N,,,,,,,,,,,N,,,,,,,,,,,N,,,,,,,,,,,N,,,,,,,,,,,N,,,,,,,,,,,N,,,,,,,,,,,N,,,
20,PC,1,9,,,,,N,,,,,,,,,,,N,,,,,,,,,,,N,,,,,,,,,,,N,,,,,,,,,,,N,,,,,,,,,,,N,,,,,,,,,,,N,,,,,,,,,,,N,,,,,,,,,,,N,,,,,,,,,,,N,,,
21,PC,1,10,,,,,N,,,,,,,,,,,N,,,,,,,,,,,N,,,,,,,,,,,N,,,,,,,,,,,N,,,,,,,,,,,N,,,,,,,,,,,N,,,,,,,,,,,N,,,,,,,,,,,N,,,,,,,,,,,N,,,
22,PC,1,11,,,,,N,,,,,,,,,,,N,,,,,,,,,,,N,,,,,,,,,,,N,,,,,,,,,,,N,,,,,,,,,,,N,,,,,,,,,,,N,,,,,,,,,,,N,,,,,,,,,,,N,,,,,,,,,,,N,,,
23,PC,1,12,,,,,N,,,,,,,,,,,N,,,,,,,,,,,N,,,,,,,,,,,N,,,,,,,,,,,N,,,,,,,,,,,N,,,,,,,,,,,N,,,,,,,,,,,N,,,,,,,,,,,N,,,,,,,,,,,N,,,
24,PC,1,13,,,,,N,,,,,,,,,,,N,,,,,,,,,,,N,,,,,,,,,,,N,,,,,,,,,,,N,,,,,,,,,,,N,,,,,,,,,,,N,,,,,,,,,,,N,,,,,,,,,,,N,,,,,,,,,,,N,,,
25,PC,1,14,,,,,N,,,,,,,,,,,N,,,,,,,,,,,N,,,,,,,,,,,N,,,,,,,,,,,N,,,,,,,,,,,N,,,,,,,,,,,N,,,,,,,,,,,N,,,,,,,,,,,N,,,,,,,,,,,N,,,
26,PC,1,15,,,,,N,,,,,,,,,,,N,,,,,,,,,,,N,,,,,,,,,,,N,,,,,,,,,,,N,,,,,,,,,,,N,,,,,,,,,,,N,,,,,,,,,,,N,,,,,,,,,,,N,,,,,,,,,,,N,,,
27,PC,1,16,,,,,N,,,,,,,,,,,N,,,,,,,,,,,N,,,,,,,,,,,N,,,,,,,,,,,N,,,,,,,,,,,N,,,,,,,,,,,N,,,,,,,,,,,N,,,,,,,,,,,N,,,,,,,,,,,N,,,
28,PC,1,17,,,,,N,,,,,,,,,,,N,,,,,,,,,,,N,,,,,,,,,,,N,,,,,,,,,,,N,,,,,,,,,,,N,,,,,,,,,,,N,,,,,,,,,,,N,,,,,,,,,,,N,,,,,,,,,,,N,,,
29,PC,1,18,,,,,N,,,,,,,,,,,N,,,,,,,,,,,N,,,,,,,,,,,N,,,,,,,,,,,N,,,,,,,,,,,N,,,,,,,,,,,N,,,,,,,,,,,N,,,,,,,,,,,N,,,,,,,,,,,N,,,
30,PC,1,19,,,,,N,,,,,,,,,,,N,,,,,,,,,,,N,,,,,,,,,,,N,,,,,,,,,,,N,,,,,,,,,,,N,,,,,,,,,,,N,,,,,,,,,,,N,,,,,,,,,,,N,,,,,,,,,,,N,,,
31,PC,1,20,,,,,N,,,,,,,,,,,N,,,,,,,,,,,N,,,,,,,,,,,N,,,,,,,,,,,N,,,,,,,,,,,N,,,,,,,,,,,N,,,,,,,,,,,N,,,,,,,,,,,N,,,,,,,,,,,N,,,
,,,,,,,,,,,,,,,,,,,,,,,,,,,,,,,,,,,,,,,,,,,,,,,,,,
* SysEx_Strings,,,,,,,,,,,,,,,,,,,,,,,,,,,,,,,,,,,,,,,,,,,,,,,,,,
Index,Bytes
0,7E 7F 06 01
1,41 10 42 12 40 00 7F
2,00 20 33 01 00
3,
4,
5,
6,
7,
8,
9,
10,
11,
12,
13,
14,
15,
,,,,,,,,,,,,,,,,,,,,,,,,,,,,,,,,,,,,,,,,,,,,,,,,,,
* BankSwitch_Settings,,,,,,,,,,,,,,,,,,,,,,,,,,,,,,,,,,,,,,,,,,,,,,,,,,
Switch,Press,A_CommandType,A_Channel_(PC/CC/Note/PB),A_Number_(PC/CC/Note),A_OnValue_(CC/PB),A_OffValue_(CC),A_BankSelect_(PC),A_BankSelectHighByte_(PC),A_Toggle_(CC/PB/Note),A_Velocity_(Note),A_Duration_(Note/PB),A_KeyMode_(Key),B_CommandType,B_Channel_(PC/CC/Note/PB),B_Number_(PC/CC/Note),B_OnValue_(CC/PB),B_OffValue_(CC),B_BankSelect_(PC),B_BankSelectHighByte_(PC),B_Toggle_(CC/PB/Note),B_Velocity_(Note),B_Duration_(Note/PB),B_KeyMode_(Key),C_CommandType,C_Channel_(PC/CC/Note/PB),C_Number_(PC/CC/Note),C_OnValue_(CC/PB),C_OffValue_(CC),C_BankSelect_(PC),C_BankSelectHighByte_(PC),C_Toggle_(CC/PB/Note),C_Velocity_(Note),C_Duration_(Note/PB),C_KeyMode_(Key),D_CommandType,D_Channel_(PC/CC/Note/PB),D_Number_(PC/CC/Note),D_OnValue_(CC/PB),D_OffValue_(CC),D_BankSelect_(PC),D_BankSelectHighByte_(PC),D_Toggle_(CC/PB/Note),D_Velocity_(Note),D_Duration_(Note/PB),D_KeyMode_(Key),E_CommandType,E_Channel_(PC/CC/Note/PB),E_Number_(PC/CC/Note),E_OnValue_(CC/PB),E_OffValue_(CC),E_BankSelect_(PC),E_BankSelectHighByte_(PC),E_Toggle_(CC/PB/Note),E_Velocity_(Note),E_Duration_(Note/PB),E_KeyMode_(Key),F_CommandType,F_Channel_(PC/CC/Note/PB),F_Number_(PC/CC/Note),F_OnValue_(CC/PB),F_OffValue_(CC),F_BankSelect_(PC),F_BankSelectHighByte_(PC),F_Toggle_(CC/PB/Note),F_Velocity_(Note),F_Duration_(Note/PB),F_KeyMode_(Key),G_CommandType,G_Channel_(PC/CC/Note/PB),G_Number_(PC/CC/Note),G_OnValue_(CC/PB),G_OffValue_(CC),G_BankSelect_(PC),G_BankSelectHighByte_(PC),G_Toggle_(CC/PB/Note),G_Velocity_(Note),G_Duration_(Note/PB),G_KeyMode_(Key),H_CommandType,H_Channel_(PC/CC/Note/PB),H_Number_(PC/CC/Note),H_OnValue_(CC/PB),H_OffValue_(CC),H_BankSelect_(PC),H_BankSelectHighByte_(PC),H_Toggle_(CC/PB/Note),H_Velocity_(Note),H_Duration_(Note/PB),H_KeyMode_(Key),I_CommandType,I_Channel_(PC/CC/Note/PB),I_Number_(PC/CC/Note),I_OnValue_(CC/PB),I_OffValue_(CC),I_BankSelect_(PC),I_BankSelectHighByte_(PC),I_Toggle_(CC/PB/Note),I_Velocity_(Note),I_Duration_(Note/PB),I_KeyMode_(Key),J_CommandType,J_Channel_(PC/CC/Note/PB),J_Number_(PC/CC/Note),J_OnValue_(CC/PB),J_OffValue_(CC),J_BankSelect_(PC),J_BankSelectHighByte_(PC),J_Toggle_(CC/PB/Note),J_Velocity_(Note),J_Duration_(Note/PB),J_KeyMode_(Key)
Down,Short,CC,1,81,127,0,,,N,,,,,,,,,,,N,,,,,,,,,,,N,,,,,,,,,,,N,,,,,,,,,,,N,,,,,,,,,,,N,,,,,,,,,,,N,,,,,,,,,,,N,,,,,,,,,,,N,,,,,,,,,,,N,,,
Down,Long,CC,1,83,127,0,,,Y,,,,,,,,,,,N,,,,,,,,,,,N,,,,,,,,,,,N,,,,,,,,,,,N,,,,,,,,,,,N,,,,,,,,,,,N,,,,,,,,,,,N,,,,,,,,,,,N,,,,,,,,,,,N,,,
Up,Short,CC,1,82,127,0,,,N,,,,,,,,,,,N,,,,,,,,,,,N,,,,,,,,,,,N,,,,,,,,,,,N,,,,,,,,,,,N,,,,,,,,,,,N,,,,,,,,,,,N,,,,,,,,,,,N,,,,,,,,,,,N,,,
Up,Long,CC,1,84,127,0,,,Y,,,,PC,1,0,,,,N,N,,,,,,,,,,,N,,,,,,,,,,,N,,,,,,,,,,,N,,,,,,,,,,,N,,,,,,,,,,,N,,,,,,,,,,,N,,,,,,,,,,,N,,,,,,,,,,,N,,,
,,,,,,,,,,,,,,,,,,,,,,,,,,,,,,,,,,,,,,,,,,,,,,,,,,
* Setlist,,,,,,,,,,,,,,,,,,,,,,,,,,,,,,,,,,,,,,,,,,,,,,,,,,
Position,Bank_Number
1,0
2,12
3,15
4,13
5,14
6,18
7,16
8,17
9,19
10,20
